Date,Open,High,Low,Close,Volume,Dividends,Stock Splits,Prev_Close,True_Range,ATR,EMA_9,EMA_13,prev_EMA9,prev_EMA13,buy_signal,sell_signal
2025-04-15 00:00:00+05:30,1246.0235343416643,1246.0235343416643,1232.1788040875913,1235.1668701171875,13378535,0.0,0.0,,13.844730254073056,,1235.1668701171875,1235.1668701171875,,,False,False
2025-04-16 00:00:00+05:30,1229.1907298200806,1235.9637280756608,1224.1110419207541,1234.3701171875,8248464,0.0,0.0,1235.1668701171875,11.852686154906678,,1235.0075195312502,1235.0530482700894,1235.1668701171875,1235.1668701171875,False,True
2025-04-17 00:00:00+05:30,1235.266450081142,1275.1073305428426,1222.7165970526498,1269.4300537109375,15398401,0.0,0.0,1234.3701171875,52.390733490192815,,1241.8920263671876,1239.9640490473535,1235.0075195312502,1235.0530482700894,True,False
2025-04-21 00:00:00+05:30,1264.947875835223,1295.7249783909904,1261.9598099867933,1290.346435546875,10429964,0.0,0.0,1269.4300537109375,33.765168404197084,,1251.582908203125,1247.1615328329995,1241.8920263671876,1239.9640490473535,False,False
2025-04-22 00:00:00+05:30,1294.8286411452223,1298.713151385602,1281.1831879455033,1286.0635986328125,13051707,0.0,0.0,1290.346435546875,17.529963440098754,,1258.4790462890626,1252.7189708044014,1251.582908203125,1247.1615328329995,False,False
2025-04-23 00:00:00+05:30,1291.840547250601,1300.8047453425481,1280.286716249035,1294.82861328125,10480888,0.0,0.0,1286.0635986328125,20.518029093513178,,1265.7489596875002,1258.73463401538,1258.4790462890626,1252.7189708044014,False,False
2025-04-24 00:00:00+05:30,1287.2588872304611,1299.3107293954529,1285.1672652984741,1296.4222412109375,10468940,0.0,0.0,1294.82861328125,14.143464096978732,,1271.8836159921877,1264.1185779004597,1265.7489596875002,1258.73463401538,False,False
2025-04-25 00:00:00+05:30,1298.3146947064158,1319.928323767296,1282.9759313802824,1295.22705078125,14431012,0.0,0.0,1296.4222412109375,36.95239238701356,,1276.5523029500002,1268.5626454548585,1271.8836159921877,1264.1185779004597,False,False
2025-04-28 00:00:00+05:30,1334.669497851195,1369.1318351951852,1314.9482133535364,1363.35498046875,31104496,0.0,0.0,1295.22705078125,73.9047844139352,,1293.9128384537503,1282.1044075997002,1276.5523029500002,1268.5626454548585,False,False
2025-04-29 00:00:00+05:30,1365.5461749701867,1405.2874774645995,1364.5501529607263,1394.1319580078125,32538970,0.0,0.0,1363.35498046875,41.93249699584953,,1313.9566623645628,1298.1083433722877,1293.9128384537503,1282.1044075997002,False,False
2025-04-30 00:00:00+05:30,1396.4228227174156,1406.7814756764847,1363.5540972183608,1399.410888671875,25480745,0.0,0.0,1394.1319580078125,43.227378458123894,,1331.0475076260254,1312.580135557943,1313.9566623645628,1298.1083433722877,False,False
2025-05-02 00:00:00+05:30,1408.3751233126775,1421.024554216323,1403.4945911426703,1414.152099609375,13007841,0.0,0.0,1399.410888671875,21.61366554444794,,1347.6684260226955,1327.090416136719,1331.0475076260254,1312.580135557943,False,False
2025-05-05 00:00:00+05:30,1425.3074680112338,1433.773654928142,1421.2238021682567,1425.6063232421875,12685649,0.0,0.0,1414.152099609375,19.621555318766923,,1363.256005466594,1341.164117151786,1347.6684260226955,1327.090416136719,False,False
2025-05-06 00:00:00+05:30,1425.3074785225756,1426.3035005201455,1404.9886054552057,1415.2476806640625,14084117,0.0,0.0,1425.6063232421875,21.31489506493972,30.186567365502647,1373.6543405060877,1351.7474833678257,1363.256005466594,1341.164117151786,False,False
2025-05-07 00:00:00+05:30,1415.2476117092147,1418.733688530858,1397.1199392858432,1400.4068603515625,13440169,0.0,0.0,1415.2476806640625,21.613749245014787,30.741497293427056,1379.0048444751826,1358.6988229369308,1373.6543405060877,1351.7474833678257,False,False
2025-05-08 00:00:00+05:30,1398.51446598441,1415.1481063364454,1392.438756100913,1401.4029541015625,16106175,0.0,0.0,1400.4068603515625,22.709350235532384,31.516973299186038,1383.4844664004586,1364.7994131033067,1379.0048444751826,1358.6988229369308,False,False
2025-05-09 00:00:00+05:30,1379.9884666950659,1389.251519832932,1369.032224808638,1371.721435546875,13668904,0.0,0.0,1401.4029541015625,32.37072929292458,30.086972999381164,1381.131860229742,1365.788273452388,1383.4844664004586,1364.7994131033067,False,False
2025-05-12 00:00:00+05:30,1394.430721507353,1433.275577320772,1394.430721507353,1430.7855224609375,10674081,0.0,0.0,1371.721435546875,61.55414177389707,32.07189966864545,1391.062592675981,1375.0735947393237,1381.131860229742,1365.788273452388,False,False
2025-05-13 00:00:00+05:30,1427.7974767909468,1441.9409399606418,1406.7814377941193,1410.0682373046875,11407896,0.0,0.0,1430.7855224609375,35.15950216652254,33.33115243481858,1394.8637216017225,1380.0728293915186,1391.062592675981,1375.0735947393237,False,False
2025-05-14 00:00:00+05:30,1414.3512435205853,1424.2118856620737,1409.8691445094285,1418.7337646484375,5570160,0.0,0.0,1410.0682373046875,14.342741152645203,32.890060439042294,1399.6377302110657,1385.595820142507,1394.8637216017225,1380.0728293915186,False,False
2025-05-15 00:00:00+05:30,1419.3313670179805,1455.5865925696291,1407.0802476372012,1448.4151611328125,20177211,0.0,0.0,1418.7337646484375,48.506344932427965,35.34455192728866,1409.393216395415,1394.5700117125507,1399.6377302110657,1385.595820142507,False,False
2025-05-16 00:00:00+05:30,1447.4191020051853,1455.1881221330052,1441.542669553187,1450.6064453125,9036695,0.0,0.0,1448.4151611328125,13.645452579818311,33.67977051248901,1417.635862178832,1402.5752165125436,1409.393216395415,1394.5700117125507,False,False
2025-05-19 00:00:00+05:30,1446.3234565863577,1448.81351147394,1432.4787270944578,1435.0684814453125,6195791,0.0,0.0,1450.6064453125,18.12771821804222,29.695694355639507,1421.1223860321284,1407.2171115029391,1417.635862178832,1402.5752165125436,False,False
2025-05-20 00:00:00+05:30,1432.4787356808251,1439.2517336495314,1416.1440727881434,1418.932861328125,11270560,0.0,0.0,1435.0684814453125,23.107660861388013,28.35106320317797,1420.6844810913276,1408.8907900493944,1421.1223860321284,1407.2171115029391,False,False
2025-05-21 00:00:00+05:30,1418.235682967954,1430.486680037078,1412.458707007589,1423.5145263671875,6136364,0.0,0.0,1418.932861328125,18.027973029488976,26.55110567256119,1421.2504901464995,1410.9798952376507,1420.6844810913276,1408.8907900493944,False,False
2025-05-22 00:00:00+05:30,1415.5464438973825,1418.1361984129633,1391.3431818014155,1403.79345703125,12134466,0.0,0.0,1423.5145263671875,32.17134456577196,27.30522560265576,1417.7590835234496,1409.953261208165,1421.2504901464995,1410.9798952376507,False,False
2025-05-23 00:00:00+05:30,1401.0045498118507,1428.0964217220903,1401.0045498118507,1421.124267578125,6474883,0.0,0.0,1403.79345703125,27.09187191023966,27.838819644903815,1418.4321203343848,1411.5491192610166,1417.7590835234496,1409.953261208165,False,False
2025-05-26 00:00:00+05:30,1426.3034970063507,1435.2676949623963,1419.430920923106,1429.0924072265625,4842944,0.0,0.0,1421.124267578125,15.836774039290276,27.447525285928855,1420.5641777128203,1414.0553032560947,1418.4321203343848,1411.5491192610166,False,False
2025-05-27 00:00:00+05:30,1420.4269591196573,1431.2836233071982,1408.275539274527,1416.44287109375,12640414,0.0,0.0,1429.0924072265625,23.00808403267115,27.54712062790431,1419.7399163890063,1414.3963843757597,1420.5641777128203,1414.0553032560947,False,False
2025-05-28 00:00:00+05:30,1414.4508509493858,1416.9409060075968,1405.0882196135674,1407.279541015625,5944611,0.0,0.0,1416.44287109375,11.852686394029433,26.771644639225524,1417.2478413143301,1413.3796924671692,1419.7399163890063,1414.3963843757597,False,False
2025-05-29 00:00:00+05:30,1406.4826358531975,1414.3512339364067,1402.996558868143,1412.1600341796875,13771917,0.0,0.0,1407.279541015625,11.35467506826376,25.27049790889261,1416.2302798874016,1413.2054555689576,1417.2478413143301,1413.3796924671692,False,False
2025-05-30 00:00:00+05:30,1412.3591925541664,1424.9090454066043,1404.0921613404494,1415.2476806640625,13788484,0.0,0.0,1412.1600341796875,20.8168840661549,22.360693786911025,1416.033760042734,1413.4972020111154,1416.2302798874016,1413.2054555689576,False,False
2025-06-02 00:00:00+05:30,1406.4826830156508,1411.8612262898896,1390.0483195350275,1408.0762939453125,8098668,0.0,0.0,1415.2476806640625,25.19936112903497,21.649255141376198,1414.4422668232496,1412.7227865731436,1416.033760042734,1413.4972020111154,False,False
2025-06-03 00:00:00+05:30,1416.6421539546416,1420.8253977642241,1397.8173136420837,1399.908935546875,11252626,0.0,0.0,1408.0762939453125,23.008084122140417,22.268208210625858,1411.5356005679748,1410.892236426534,1414.4422668232496,1412.7227865731436,False,False
2025-06-04 00:00:00+05:30,1409.0722382665938,1420.0284799827916,1400.506473605418,1417.8372802734375,8126827,0.0,0.0,1399.908935546875,20.119544435916623,20.24057960373219,1412.7959365090674,1411.8843855475204,1411.5356005679748,1410.892236426534,False,False
2025-06-05 00:00:00+05:30,1422.3193687346825,1448.913106617055,1417.9368477633755,1436.662109375,13716817,0.0,0.0,1417.8372802734375,31.075826343617564,21.485606301146422,1417.569171082254,1415.4240603800176,1412.7959365090674,1411.8843855475204,False,False
2025-06-06 00:00:00+05:30,1435.2676355449807,1445.7258660607492,1431.28354772945,1437.7576904296875,8182161,0.0,0.0,1436.662109375,14.442318331299248,21.222363452093354,1421.6068749517408,1418.6145789585419,1417.569171082254,1415.4240603800176,False,False
2025-06-09 00:00:00+05:30,1451.204075048637,1451.70208605586,1439.5506661134996,1443.0367431640625,7885125,0.0,0.0,1437.7576904296875,13.944395626172536,20.56784450672082,1425.8928485942051,1422.1034595593305,1421.6068749517408,1418.6145789585419,False,False
2025-06-10 00:00:00+05:30,1444.2318404180787,1448.1163503747662,1430.2875329933524,1432.777587890625,7913181,0.0,0.0,1443.0367431640625,17.828817381413728,20.553619103286874,1427.2697964534893,1423.6283350352296,1425.8928485942051,1422.1034595593305,False,False
2025-06-11 00:00:00+05:30,1440.0485867347081,1462.7578142878924,1437.3592545136698,1443.13623046875,8195700,0.0,0.0,1432.777587890625,29.980226397267415,20.397110662679406,1430.4430832565415,1426.4151772400185,1427.2697964534893,1423.6283350352296,False,False
2025-06-12 00:00:00+05:30,1447.7179200254843,1451.2039968882907,1428.6939248911115,1435.865234375,8828114,0.0,0.0,1443.13623046875,22.51007199717924,20.069839240317947,1431.5275134802332,1427.7651854021587,1430.4430832565415,1426.4151772400185,False,False
2025-06-13 00:00:00+05:30,1418.335338487147,1429.7895915718395,1408.6739736495979,1422.2198486328125,9757276,0.0,0.0,1435.865234375,27.191260725402117,20.88087400361165,1429.665980510749,1426.9729944351093,1431.5275134802332,1427.7651854021587,False,False
2025-06-16 00:00:00+05:30,1421.223780491138,1436.6621211041454,1418.7337255535563,1432.0804443359375,8458093,0.0,0.0,1422.2198486328125,17.92839555058913,20.518039112034362,1430.1488732757866,1427.7026301352278,1429.665980510749,1426.9729944351093,False,False
2025-06-17 00:00:00+05:30,1442.2398094911548,1442.2398094911548,1420.12817043809,1425.506591796875,10366599,0.0,0.0,1432.0804443359375,22.11163905306489,21.25082144482261,1429.2204169800043,1427.388910372606,1430.1488732757866,1427.7026301352278,False,False
2025-06-18 00:00:00+05:30,1424.3114328610282,1437.0605628519918,1420.028489708749,1424.4110107421875,6681735,0.0,0.0,1425.506591796875,17.03207314324277,21.656349878749683,1428.258535732441,1426.9634961396891,1429.2204169800043,1427.388910372606,False,False
2025-06-19 00:00:00+05:30,1424.4110453044384,1434.1721095891817,1420.0285241646616,1427.598388671875,10007230,0.0,0.0,1424.4110107421875,14.143585424520097,21.179685690061483,1428.1265063203277,1427.0541950728586,1428.258535732441,1426.9634961396891,False,False
2025-06-20 00:00:00+05:30,1425.3075053013417,1465.148385952672,1422.4190171371765,1460.367431640625,29010635,0.0,0.0,1427.598388671875,42.72936881549549,22.431829096237234,1434.5746913843873,1431.813228868254,1428.1265063203277,1427.0541950728586,False,False
2025-06-23 00:00:00+05:30,1447.2199506188397,1457.9770367383994,1436.2637087352834,1451.0048828125,5989078,0.0,0.0,1460.367431640625,24.103722905341556,22.51008900932303,1437.86072967001,1434.5548937174322,1434.5746913843873,1431.813228868254,False,False
2025-06-24 00:00:00+05:30,1459.1721495093714,1469.1323689599471,1437.359244595668,1445.0286865234375,16402744,0.0,0.0,1451.0048828125,31.773124364279056,23.34248757563463,1439.2943210406954,1436.051149832576,1437.86072967001,1434.5548937174322,False,False
2025-06-25 00:00:00+05:30,1458.1762135192969,1466.5428226679085,1454.690136506102,1461.463134765625,7525851,0.0,0.0,1445.0286865234375,21.514136144470967,22.659509704267016,1443.7280837856815,1439.6814333944403,1439.2943210406954,1436.051149832576,False,False
2025-06-26 00:00:00+05:30,1463.2558362824063,1492.8377614283193,1459.2717484446844,1489.3516845703125,14657893,0.0,0.0,1461.463134765625,33.56601298363489,24.025487893719564,1452.8528039426078,1446.7771835624221,1443.7280837856815,1439.6814333944403,False,False
2025-06-27 00:00:00+05:30,1493.4353527246628,1515.9454247275912,1490.9452978220222,1509.3717041015625,11117052,0.0,0.0,1489.3516845703125,26.593740157278717,24.92901250308429,1464.1565839743987,1455.7192579251564,1452.8528039426078,1446.7771835624221,False,False
2025-06-30 00:00:00+05:30,1507.7781788170053,1518.734421010171,1490.0489382705405,1494.630615234375,8409527,0.0,0.0,1509.3717041015625,28.685482739630515,25.704488600099776,1470.251390226394,1461.2780232550447,1464.1565839743987,1455.7192579251564,False,False
2025-07-01 00:00:00+05:30,1494.630607775488,1525.3081343971446,1494.132596769193,1522.320068359375,10368523,0.0,0.0,1494.630615234375,31.1755376279516,25.789867973720074,1480.6651258529905,1469.9983154128063,1470.251390226394,1461.2780232550447,False,False
2025-07-02 00:00:00+05:30,1522.3200879079554,1523.9136988316197,1502.6983810571346,1512.75830078125,6361002,0.0,0.0,1522.320068359375,21.21531777448513,25.697385529241924,1487.0837608386423,1476.1068847511556,1480.6651258529905,1469.9983154128063,False,False
2025-07-03 00:00:00+05:30,1514.7502729656235,1525.8060926058627,1506.9812529023668,1511.76220703125,11283291,0.0,0.0,1512.75830078125,18.824839703495854,25.09978402767719,1492.019450077164,1481.2005022197407,1487.0837608386423,1476.1068847511556,False,False
2025-07-04 00:00:00+05:30,1517.9375659885409,1523.913698138102,1511.1645675851503,1521.2244873046875,6603501,0.0,0.0,1511.76220703125,12.749130552951783,24.72983652784595,1497.8604575226686,1486.9182143747332,1492.019450077164,1481.2005022197407,False,False
2025-07-07 00:00:00+05:30,1520.5271677380254,1538.65484117058,1518.933556847784,1535.367919921875,7251074,0.0,0.0,1521.2244873046875,19.72128432279601,24.559096904255316,1505.36195000251,1493.839600881468,1497.8604575226686,1486.9182143747332,False,False
2025-07-08 00:00:00+05:30,1529.8897875590692,1538.7544076502807,1524.1128113419518,1531.4833984375,7171261,0.0,0.0,1535.367919921875,14.641596308328872,24.388348558904323,1510.5862396895081,1499.2172862466155,1505.36195000251,1493.839600881468,False,False
2025-07-09 00:00:00+05:30,1530.586937987722,1544.8301010282516,1504.0927774643353,1512.9573974609375,8870660,0.0,0.0,1531.4833984375,40.737323563916334,26.287901283146912,1511.0604712437942,1501.180159277233,1510.5862396895081,1499.2172862466155,False,False
2025-07-10 00:00:00+05:30,1513.654605815878,1518.6347158851345,1501.5031858807802,1511.16455078125,10047129,0.0,0.0,1512.9573974609375,17.131530004354317,24.459484225208257,1511.0812871512853,1502.606500920664,1511.0604712437942,1501.180159277233,False,False
2025-07-11 00:00:00+05:30,1505.9852937598653,1508.9733598189127,1484.3716645666439,1489.2520751953125,7234991,0.0,0.0,1511.16455078125,26.792886214606142,24.651567318727157,1506.7154447600908,1500.6987258170425,1511.0812871512853,1502.606500920664,False,False
2025-07-14 00:00:00+05:30,1486.263916129696,1494.0329360309418,1473.2160528053016,1477.7977294921875,10311846,0.0,0.0,1489.2520751953125,20.81688322564014,23.868978665967234,1500.9319017065102,1497.427154913492,1506.7154447600908,1500.6987258170425,False,False
2025-07-15 00:00:00+05:30,1480.2878335086834,1490.5469086437597,1476.503022895967,1479.4910888671875,8132454,0.0,0.0,1477.7977294921875,14.043885747792729,23.33538935191879,1496.6437391386457,1494.86485976402,1500.9319017065102,1497.427154913492,False,False
2025-07-16 00:00:00+05:30,1467.1403332858122,1485.068728397248,1465.6463003598592,1479.690185546875,10409983,0.0,0.0,1479.4910888671875,19.422428037388727,22.325133284329777,1493.2530284202917,1492.6970491615707,1496.6437391386457,1494.86485976402,False,False
2025-07-17 00:00:00+05:30,1481.4830970988435,1483.674296790977,1468.0368005528198,1470.52685546875,11854613,0.0,0.0,1479.690185546875,15.637496238157155,21.54254443296395,1488.7077938299835,1489.529878634025,1493.2530284202917,1492.6970491615707,False,True
2025-07-18 00:00:00+05:30,1478.8934598804974,1478.8934598804974,1463.2558421043927,1470.12841796875,10296318,0.0,0.0,1470.52685546875,15.637617776104662,20.61055407842639,1484.991918657737,1486.7582413961286,1488.7077938299835,1489.529878634025,False,False
2025-07-21 00:00:00+05:30,1459.1722169809668,1470.128458883213,1417.4388712363768,1422.9169921875,22442744,0.0,0.0,1470.12841796875,52.68958764683612,22.14727193691814,1472.5769333636895,1477.6380629377531,1484.991918657737,1486.7582413961286,False,False
2025-07-22 00:00:00+05:30,1421.721828538219,1426.2039275426996,1405.0881881707605,1407.179931640625,20396320,0.0,0.0,1422.9169921875,21.11573937193907,22.140159193879136,1459.4975330190766,1467.572615609592,1472.5769333636895,1477.6380629377531,False,False
2025-07-23 00:00:00+05:30,1420.3273163904719,1420.3273163904719,1408.7734859597779,1418.932861328125,8354596,0.0,0.0,1407.179931640625,13.147384749846879,21.734626697189924,1451.3845986808863,1460.6240792836682,1459.4975330190766,1467.572615609592,False,False
2025-07-24 00:00:00+05:30,1413.554298653669,1417.3392306864348,1390.4466381154343,1397.3192138671875,14740507,0.0,0.0,1418.932861328125,28.486223212690675,22.85870474431413,1440.5715217181466,1451.580527081314,1451.3845986808863,1460.6240792836682,False,False
2025-07-25 00:00:00+05:30,1393.3351272649268,1395.4267490386208,1378.593953801798,1386.1636962890625,11854722,0.0,0.0,1397.3192138671875,18.72526006538942,22.787560154499374,1429.6899566323298,1442.2352655395637,1440.5715217181466,1451.580527081314,False,False
2025-07-28 00:00:00+05:30,1386.7614543919697,1402.199795115413,1379.490445288333,1382.080078125,7748361,0.0,0.0,1386.1636962890625,22.709349827080132,23.363828262981606,1420.167980930864,1433.641667337483,1429.6899566323298,1442.2352655395637,False,False
2025-07-29 00:00:00+05:30,1377.4984422704579,1414.550412474214,1377.4984422704579,1411.4627685546875,10750072,0.0,0.0,1382.080078125,37.05197020375613,23.10058873725588,1418.4269384556287,1430.4732532256553,1420.167980930864,1433.641667337483,False,False
2025-07-30 00:00:00+05:30,1412.458776601272,1417.6381639620695,1395.7256799199,1404.4906005859375,7209849,0.0,0.0,1411.4627685546875,21.91248404216958,23.442085454242683,1415.6396708816906,1426.7614457056957,1418.4269384556287,1430.4732532256553,False,False
2025-07-31 00:00:00+05:30,1382.5780559389787,1397.0203743336986,1376.7015020683227,1384.669677734375,17065827,0.0,0.0,1404.4906005859375,27.789098517614775,23.513243475886156,1409.4456722522275,1420.7483359955072,1415.6396708816906,1426.7614457056957,False,False
2025-08-01 00:00:00+05:30,1381.3828853186424,1400.3073026227253,1378.7932525308158,1388.15576171875,10321171,0.0,0.0,1384.669677734375,21.51405009190944,23.563041109191108,1405.187690145532,1416.0922539559704,1409.4456722522275,1420.7483359955072,False,False
2025-08-04 00:00:00+05:30,1389.5502251510159,1410.466686507784,1386.1637261382157,1405.885009765625,6312820,0.0,0.0,1388.15576171875,24.302960369568382,24.29583215360365,1405.3271540695507,1414.6340762144923,1405.187690145532,1416.0922539559704,False,False
2025-08-05 00:00:00+05:30,1405.38696851784,1405.38696851784,1382.5780415934858,1386.1636962890625,9315972,0.0,0.0,1405.885009765625,23.30696817213925,24.573299306085833,1401.494462513453,1410.566879082288,1405.3271540695507,1414.6340762144923,False,False
2025-08-06 00:00:00+05:30,1386.3630773472378,1390.3471654369864,1377.797312271222,1387.259521484375,5834312,0.0,0.0,1386.1636962890625,12.549853165764489,24.3527533723435,1398.6474743076376,1407.2372565683006,1401.494462513453,1410.566879082288,False,False
2025-08-07 00:00:00+05:30,1382.1796145349972,1388.1557462486337,1360.5659868045632,1383.8729248046875,9976705,0.0,0.0,1387.259521484375,27.589759444070523,25.206477777198206,1395.6925644070477,1403.8994948877846,1398.6474743076376,1407.2372565683006,False,False
2025-08-08 00:00:00+05:30,1379.4904158119157,1391.6418351007062,1359.569976594415,1362.35888671875,8793606,0.0,0.0,1383.8729248046875,32.071858506291164,23.73378283858785,1389.0258288693883,1397.9651222922084,1395.6925644070477,1403.8994948877846,False,False
2025-08-11 00:00:00+05:30,1364.5501609316866,1382.4785572067015,1355.7851185633474,1380.6856689453125,9997486,0.0,0.0,1362.35888671875,26.693438643354057,24.132189929403207,1387.3577968845732,1395.4966289569377,1389.0258288693883,1397.9651222922084,False,False
2025-08-12 00:00:00+05:30,1376.4028464986861,1396.3232867936674,1369.7294260490362,1374.9088134765625,12244664,0.0,0.0,1380.6856689453125,26.59386074463123,25.09265250045923,1384.868000202971,1392.5555124597413,1387.3577968845732,1395.4966289569377,False,False
2025-08-13 00:00:00+05:30,1382.4785186353236,1386.2634508216695,1372.0202877666845,1377.0999755859375,7457021,0.0,0.0,1374.9088134765625,14.243163054984961,24.07529106062311,1383.3143952795642,1390.3475786206266,1384.868000202971,1392.5555124597413,False,False
2025-08-14 00:00:00+05:30,1377.300048828125,1380.699951171875,1370.0999755859375,1373.800048828125,7126128,5.5,0.0,1377.0999755859375,10.5999755859375,23.494913597805116,1381.4115259892765,1387.9836457931265,1383.3143952795642,1390.3475786206266,False,False
2025-08-18 00:00:00+05:30,1390.0,1394.9000244140625,1377.0,1381.699951171875,11785109,0.0,0.0,1373.800048828125,21.0999755859375,23.379958294866356,1381.469211025796,1387.0859751329479,1381.4115259892765,1387.9836457931265,False,False
2025-08-19 00:00:00+05:30,1390.0,1421.0,1389.0999755859375,1420.0999755859375,14384719,0.0,0.0,1381.699951171875,39.300048828125,23.54053533946413,1389.1953639378246,1391.8022609119464,1381.469211025796,1387.0859751329479,False,False
2025-08-20 00:00:00+05:30,1413.0,1424.9000244140625,1410.0,1413.0,8725641,0.0,0.0,1420.0999755859375,14.9000244140625,23.039645366027912,1393.9562911502599,1394.830509353097,1389.1953639378246,1391.8022609119464,False,False
2025-08-21 00:00:00+05:30,1425.0,1431.9000244140625,1420.300048828125,1424.800048828125,11021323,0.0,0.0,1413.0,18.9000244140625,22.404711501488464,1400.125042685833,1399.111872135244,1393.9562911502599,1394.830509353097,True,False
2025-08-22 00:00:00+05:30,1420.0,1423.4000244140625,1407.9000244140625,1409.199951171875,5818868,0.0,0.0,1424.800048828125,16.9000244140625,22.07513823878511,1401.9400243830414,1400.5530262833342,1400.125042685833,1399.111872135244,False,False
2025-08-25 00:00:00+05:30,1414.699951171875,1419.5,1405.699951171875,1412.5999755859375,5979407,0.0,0.0,1409.199951171875,13.800048828125,21.324930271539156,1404.0720146236208,1402.274019040849,1401.9400243830414,1400.5530262833342,False,False
2025-08-26 00:00:00+05:30,1408.0,1410.0,1381.5999755859375,1384.9000244140625,12145259,0.0,0.0,1412.5999755859375,31.0,21.87443254495778,1400.237616581709,1399.792019808451,1404.0720146236208,1402.274019040849,False,False
2025-08-28 00:00:00+05:30,1389.9000244140625,1392.199951171875,1366.5,1385.9000244140625,13161813,0.0,0.0,1384.9000244140625,25.699951171875,22.81372525967996,1397.3700981481797,1397.8074490378242,1400.237616581709,1399.792019808451,False,True
2025-08-29 00:00:00+05:30,1381.0999755859375,1403.5,1350.0,1357.199951171875,18758842,0.0,0.0,1385.9000244140625,53.5,24.664456727960637,1389.336068752919,1392.0063779141174,1397.3700981481797,1397.8074490378242,False,False
2025-09-01 00:00:00+05:30,1356.0,1363.199951171875,1340.5999755859375,1353.9000244140625,11232238,0.0,0.0,1357.199951171875,22.5999755859375,23.98789366222109,1382.2488598851478,1386.5626131283952,1389.336068752919,1392.0063779141174,False,False
2025-09-02 00:00:00+05:30,1354.800048828125,1384.5,1354.5,1366.5,11517006,0.0,0.0,1353.9000244140625,30.5999755859375,24.266932015262764,1379.0990879081182,1383.6965255386247,1382.2488598851478,1386.5626131283952,False,False
2025-09-03 00:00:00+05:30,1369.699951171875,1376.5,1360.5,1372.5999755859375,7847563,0.0,0.0,1366.5,16.0,23.510227676360532,1377.7992654436823,1382.1113041168123,1379.0990879081182,1383.6965255386247,False,False
2025-09-04 00:00:00+05:30,1371.800048828125,1374.0,1357.0999755859375,1359.300048828125,13223177,0.0,0.0,1372.5999755859375,16.9000244140625,23.700003487723215,1374.099422120571,1378.8525533612858,1377.7992654436823,1382.1113041168123,False,False
2025-09-05 00:00:00+05:30,1363.0,1381.0,1359.300048828125,1375.0,5777575,0.0,0.0,1359.300048828125,21.699951171875,24.49285888671875,1374.2795376964568,1378.3021885953879,1374.099422120571,1378.8525533612858,False,False
2025-09-08 00:00:00+05:30,1380.0,1386.0,1372.4000244140625,1378.5,6986720,0.0,0.0,1375.0,13.5999755859375,23.957144601004465,1375.1236301571655,1378.3304473674752,1374.2795376964568,1378.3021885953879,False,False
2025-09-09 00:00:00+05:30,1376.5999755859375,1381.199951171875,1368.699951171875,1376.199951171875,9754452,0.0,0.0,1378.5,12.5,22.042855398995535,1375.3388943601074,1378.026090768104,1375.1236301571655,1378.3304473674752,False,False
2025-09-10 00:00:00+05:30,1383.9000244140625,1388.5,1374.0999755859375,1377.0,7790815,0.0,0.0,1376.199951171875,14.4000244140625,22.00714111328125,1375.6711154880861,1377.8795063726607,1375.3388943601074,1378.026090768104,False,False
2025-09-11 00:00:00+05:30,1376.0,1385.5,1375.0,1383.300048828125,9766072,0.0,0.0,1377.0,10.5,21.407139369419642,1377.196902156094,1378.6538695805841,1375.6711154880861,1377.8795063726607,False,False
2025-09-12 00:00:00+05:30,1383.300048828125,1396.300048828125,1380.5,1395.0,7403368,0.0,0.0,1383.300048828125,15.800048828125,21.328569684709823,1380.7575217248752,1380.989031069072,1377.196902156094,1378.6538695805841,False,False
2025-09-15 00:00:00+05:30,1393.0,1400.800048828125,1388.5999755859375,1399.300048828125,5396697,0.0,0.0,1395.0,12.2000732421875,21.214285714285715,1384.4660271455255,1383.604890748937,1380.7575217248752,1380.989031069072,True,False
2025-09-16 00:00:00+05:30,1404.699951171875,1408.0,1398.199951171875,1405.300048828125,8686961,0.0,0.0,1399.300048828125,9.800048828125,19.700003487723215,1388.6328314820453,1386.7041990459638,1384.4660271455255,1383.604890748937,False,False
2025-09-17 00:00:00+05:30,1407.0,1416.199951171875,1406.9000244140625,1413.800048828125,7519417,0.0,0.0,1405.300048828125,10.89990234375,18.642857142857142,1393.6662749512614,1390.5750347291298,1388.6328314820453,1386.7041990459638,False,False
2025-09-18 00:00:00+05:30,1420.4000244140625,1422.0,1410.699951171875,1415.0,9332642,0.0,0.0,1413.800048828125,11.300048828125,15.628574916294642,1397.9330199610092,1394.0643154821114,1393.6662749512614,1390.5750347291298,False,False
2025-09-19 00:00:00+05:30,1414.9000244140625,1417.0,1403.5999755859375,1407.4000244140625,13461373,0.0,0.0,1415.0,13.4000244140625,14.971435546875,1399.8264208516198,1395.9694167581047,1397.9330199610092,1394.0643154821114,False,False
2025-09-22 00:00:00+05:30,1403.9000244140625,1410.699951171875,1388.0,1390.5999755859375,7757970,0.0,0.0,1407.4000244140625,22.699951171875,14.407148088727679,1397.9811317984834,1395.2023537335094,1399.8264208516198,1395.9694167581047,False,False
2025-09-23 00:00:00+05:30,1391.0,1395.0,1376.800048828125,1389.800048828125,14014702,0.0,0.0,1390.5999755859375,18.199951171875,14.564287458147321,1396.3449152044118,1394.430595889883,1397.9811317984834,1395.2023537335094,False,False
2025-09-24 00:00:00+05:30,1385.300048828125,1396.0,1380.4000244140625,1383.0,5922759,0.0,0.0,1389.800048828125,15.5999755859375,14.471426827566964,1393.6759321635295,1392.7976536198998,1396.3449152044118,1394.430595889883,False,False
2025-09-25 00:00:00+05:30,1381.300048828125,1384.5,1369.0,1372.4000244140625,11411143,0.0,0.0,1383.0,15.5,14.028573172433036,1389.4207506136363,1389.8837065904945,1393.6759321635295,1392.7976536198998,False,True
2025-09-26 00:00:00+05:30,1372.0,1382.699951171875,1366.0,1377.5999755859375,9879109,0.0,0.0,1372.4000244140625,16.699951171875,14.25,1387.0565956080966,1388.128887875558,1389.4207506136363,1389.8837065904945,False,False
2025-09-29 00:00:00+05:30,1381.5999755859375,1389.0,1368.0,1372.800048828125,14231999,0.0,0.0,1377.5999755859375,21.0,14.857142857142858,1384.2052862521023,1385.9390537259246,1387.0565956080966,1388.128887875558,False,False
2025-09-30 00:00:00+05:30,1377.0999755859375,1377.0999755859375,1362.800048828125,1364.0,14604684,0.0,0.0,1372.800048828125,14.2999267578125,14.849993024553571,1380.1642290016819,1382.8049031936498,1384.2052862521023,1385.9390537259246,False,False
2025-10-01 00:00:00+05:30,1367.0,1378.5999755859375,1362.699951171875,1368.699951171875,12045916,0.0,0.0,1364.0,15.9000244140625,15.235709054129464,1377.8713734357204,1380.789910047682,1380.1642290016819,1382.8049031936498,False,False
2025-10-03 00:00:00+05:30,1363.199951171875,1371.5999755859375,1356.9000244140625,1363.4000244140625,12842347,0.0,0.0,1368.699951171875,14.699951171875,15.157130650111608,1374.977103631389,1378.3056406714506,1377.8713734357204,1380.789910047682,False,False
2025-10-06 00:00:00+05:30,1360.0,1377.4000244140625,1359.0,1375.0,12396580,0.0,0.0,1363.4000244140625,18.4000244140625,15.599984305245536,1374.9816829051113,1377.8334062898148,1374.977103631389,1378.3056406714506,False,False
2025-10-07 00:00:00+05:30,1376.0,1395.9000244140625,1375.9000244140625,1384.800048828125,11244040,0.0,0.0,1375.0,20.9000244140625,16.392839704241073,1376.945356089714,1378.8286409381449,1374.9816829051113,1377.8334062898148,False,False
2025-10-08 00:00:00+05:30,1384.800048828125,1389.0,1364.5,1367.4000244140625,8525081,0.0,0.0,1384.800048828125,24.5,17.364275251116073,1375.0362897545838,1377.1959814347047,1376.945356089714,1378.8286409381449,False,False
2025-10-09 00:00:00+05:30,1374.0,1380.0,1369.0999755859375,1377.800048828125,8826633,0.0,0.0,1367.4000244140625,12.5999755859375,17.457127162388392,1375.589041569292,1377.282276776622,1375.0362897545838,1377.1959814347047,False,False
2025-10-10 00:00:00+05:30,1377.800048828125,1388.0,1375.0999755859375,1381.699951171875,6373084,0.0,0.0,1377.800048828125,12.9000244140625,17.421412876674108,1376.8112234898085,1377.913373118801,1375.589041569292,1377.282276776622,False,False
2025-10-13 00:00:00+05:30,1376.9000244140625,1377.699951171875,1367.800048828125,1375.0,7600682,0.0,0.0,1381.699951171875,13.89990234375,16.792837960379465,1376.448978791847,1377.4971769589722,1376.8112234898085,1377.913373118801,False,False
2025-10-14 00:00:00+05:30,1380.0,1388.0,1370.0999755859375,1375.9000244140625,9768174,0.0,0.0,1375.0,17.9000244140625,16.771414620535715,1376.33918791629,1377.2690123096995,1376.448978791847,1377.4971769589722,False,False
2025-10-15 00:00:00+05:30,1383.0,1384.0,1372.699951171875,1374.300048828125,10882743,0.0,0.0,1375.9000244140625,11.300048828125,16.464276994977677,1375.931360098657,1376.8448746694746,1376.33918791629,1377.2690123096995,False,False
2025-10-16 00:00:00+05:30,1375.0999755859375,1400.5,1375.0,1398.300048828125,12315932,0.0,0.0,1374.300048828125,26.199951171875,17.228559221540177,1380.4050978445507,1379.9098995492818,1375.931360098657,1376.8448746694746,True,False
2025-10-17 00:00:00+05:30,1401.0,1423.300048828125,1399.0999755859375,1416.800048828125,19335561,0.0,0.0,1398.300048828125,25.0,17.821419852120535,1387.6840880412656,1385.179920874831,1380.4050978445507,1379.9098995492818,False,False
2025-10-20 00:00:00+05:30,1440.0,1473.800048828125,1433.300048828125,1466.800048828125,24721978,0.0,0.0,1416.800048828125,57.0,20.392848423549108,1403.5072801986375,1396.8399391538728,1387.6840880412656,1385.179920874831,False,False
2025-10-21 00:00:00+05:30,1468.0,1474.0,1460.0,1465.199951171875,2066169,0.0,0.0,1466.800048828125,14.0,20.371425083705358,1415.845814393285,1406.6056551564445,1403.5072801986375,1396.8399391538728,False,False
2025-10-23 00:00:00+05:30,1475.0,1482.9000244140625,1444.5999755859375,1448.4000244140625,18707090,0.0,0.0,1465.199951171875,38.300048828125,21.971426827566965,1422.3566563974405,1412.5762793361043,1415.845814393285,1406.6056551564445,False,False
2025-10-24 00:00:00+05:30,1450.0,1459.800048828125,1441.0,1451.5999755859375,9700837,0.0,0.0,1448.4000244140625,18.800048828125,22.264290945870535,1428.2053202351399,1418.1510930860807,1422.3566563974405,1412.5762793361043,False,False
2025-10-27 00:00:00+05:30,1463.0,1485.0,1458.0,1484.0999755859375,14113867,0.0,0.0,1451.5999755859375,33.4000244140625,23.335719517299108,1439.3842513052996,1427.5723620146318,1428.2053202351399,1418.1510930860807,False,False
2025-10-28 00:00:00+05:30,1484.0999755859375,1492.0,1477.5999755859375,1486.9000244140625,17631577,0.0,0.0,1484.0999755859375,14.4000244140625,22.871433803013392,1448.8874059270522,1436.0477423574077,1439.3842513052996,1427.5723620146318,False,False
2025-10-29 00:00:00+05:30,1490.0,1508.300048828125,1488.0999755859375,1504.199951171875,11884745,0.0,0.0,1486.9000244140625,21.4000244140625,22.650006975446427,1459.9499149760168,1445.783772188046,1448.8874059270522,1436.0477423574077,False,False
2025-10-30 00:00:00+05:30,1500.0,1503.0999755859375,1484.0,1488.5,9318663,0.0,0.0,1504.199951171875,20.199951171875,23.192862374441965,1465.6599319808136,1451.8860904468966,1459.9499149760168,1445.783772188046,False,False
2025-10-31 00:00:00+05:30,1490.4000244140625,1497.5,1482.300048828125,1486.4000244140625,8758053,0.0,0.0,1488.5,15.199951171875,23.357142857142858,1469.8079504674636,1456.816652442206,1465.6599319808136,1451.8860904468966,False,False
2025-11-03 00:00:00+05:30,1486.0,1495.0,1479.300048828125,1484.699951171875,8452085,0.0,0.0,1486.4000244140625,15.699951171875,23.4857177734375,1472.7863506083459,1460.7999808321588,1469.8079504674636,1456.816652442206,False,False
2025-11-04 00:00:00+05:30,1483.9000244140625,1492.800048828125,1470.0999755859375,1473.0999755859375,10007806,0.0,0.0,1484.699951171875,22.7000732421875,23.828578404017858,1472.8490756038643,1462.5571229398415,1472.7863506083459,1460.7999808321588,False,False
2025-11-06 00:00:00+05:30,1484.0,1501.5999755859375,1476.199951171875,1496.0999755859375,16772678,0.0,0.0,1473.0999755859375,28.5,25.057146344866073,1477.499255600279,1467.348959032141,1472.8490756038643,1462.5571229398415,False,False
2025-11-07 00:00:00+05:30,1494.5999755859375,1498.4000244140625,1475.9000244140625,1478.0,7821765,0.0,0.0,1496.0999755859375,22.5,24.792864118303573,1477.5994044802233,1468.8705363132638,1477.499255600279,1467.348959032141,False,False
2025-11-10 00:00:00+05:30,1477.9000244140625,1501.0,1475.5,1489.300048828125,7068438,0.0,0.0,1478.0,25.5,24.828578404017858,1479.9395333498037,1471.7890381011011,1477.5994044802233,1468.8705363132638,False,False
2025-11-11 00:00:00+05:30,1497.0,1498.800048828125,1480.199951171875,1493.4000244140625,7127506,0.0,0.0,1489.300048828125,18.60009765625,22.085728236607142,1482.6316315626555,1474.8763218600957,1479.9395333498037,1471.7890381011011,False,False
2025-11-12 00:00:00+05:30,1505.0,1524.699951171875,1500.0,1511.5,12384459,0.0,0.0,1493.4000244140625,31.2999267578125,23.321437290736608,1488.4053052501245,1480.108275880082,1482.6316315626555,1474.8763218600957,False,False
2025-11-13 00:00:00+05:30,1515.0,1522.0999755859375,1506.800048828125,1510.9000244140625,7196443,0.0,0.0,1511.5,15.2999267578125,21.678571428571427,1492.904249082912,1484.5070970992222,1488.4053052501245,1480.108275880082,False,False
2025-11-14 00:00:00+05:30,1505.5,1520.9000244140625,1505.5,1518.9000244140625,7682823,0.0,0.0,1510.9000244140625,15.4000244140625,21.435712541852677,1498.1034041491423,1489.4203724299136,1492.904249082912,1484.5070970992222,False,False
2025-11-17 00:00:00+05:30,1520.9000244140625,1523.699951171875,1511.5,1518.300048828125,5871416,0.0,0.0,1518.9000244140625,12.199951171875,19.921421595982142,1502.142733084939,1493.546040486801,1498.1034041491423,1489.4203724299136,False,False
2025-11-18 00:00:00+05:30,1521.699951171875,1527.800048828125,1510.5,1519.4000244140625,11045042,0.0,0.0,1518.300048828125,17.300048828125,20.128566196986608,1505.5941913507638,1497.2394667621243,1502.142733084939,1493.546040486801,False,False
2025-11-19 00:00:00+05:30,1517.4000244140625,1522.300048828125,1512.0,1518.9000244140625,5692366,0.0,0.0,1519.4000244140625,10.300048828125,19.335710797991073,1508.2553579634236,1500.3338321409726,1505.5941913507638,1497.2394667621243,False,False
2025-11-20 00:00:00+05:30,1530.0,1550.9000244140625,1526.699951171875,1549.0999755859375,18171724,0.0,0.0,1518.9000244140625,32.0,20.178571428571427,1516.4242814879265,1507.300424061682,1508.2553579634236,1500.3338321409726,False,False
2025-11-21 00:00:00+05:30,1541.0,1557.800048828125,1540.0999755859375,1546.5999755859375,9615271,0.0,0.0,1549.0999755859375,17.7000732421875,20.357151576450892,1522.4594203075287,1512.9146457080042,1516.4242814879265,1507.300424061682,False,False
2025-11-24 00:00:00+05:30,1550.0,1550.0,1531.800048828125,1535.9000244140625,18433951,0.0,0.0,1546.5999755859375,18.199951171875,20.535723005022323,1525.1475411288354,1516.198271237441,1522.4594203075287,1512.9146457080042,False,False
2025-11-25 00:00:00+05:30,1535.9000244140625,1559.5999755859375,1525.0999755859375,1539.699951171875,15033482,0.0,0.0,1535.9000244140625,34.5,21.378574916294642,1528.0580231374433,1519.5556540852174,1525.1475411288354,1516.198271237441,False,False
2025-11-26 00:00:00+05:30,1542.300048828125,1571.5999755859375,1540.5,1569.9000244140625,14054299,0.0,0.0,1539.699951171875,31.9000244140625,21.621433803013392,1536.4264233927674,1526.7477069893382,1528.0580231374433,1519.5556540852174,False,False
2025-11-27 00:00:00+05:30,1575.0,1575.5,1556.0,1563.4000244140625,9794643,0.0,0.0,1569.9000244140625,19.5,21.407148088727677,1541.8211435970265,1531.9837523357276,1536.4264233927674,1526.7477069893382,False,False
2025-11-28 00:00:00+05:30,1568.0,1581.300048828125,1563.0,1567.5,8959508,0.0,0.0,1563.4000244140625,18.300048828125,20.892865862165177,1546.9569148776213,1537.0575020020522,1541.8211435970265,1531.9837523357276,False,False
2025-12-01 00:00:00+05:30,1575.0,1577.5,1563.5999755859375,1566.0999755859375,8920233,0.0,0.0,1567.5,13.9000244140625,20.557146344866073,1550.7855270192845,1541.2064267997503,1546.9569148776213,1537.0575020020522,False,False
2025-12-02 00:00:00+05:30,1561.0999755859375,1567.5,1542.0,1546.300048828125,11389150,0.0,0.0,1566.0999755859375,25.5,20.142865862165177,1549.8884313810527,1541.934087089518,1550.7855270192845,1541.2064267997503,False,False
2025-12-03 00:00:00+05:30,1545.199951171875,1552.4000244140625,1533.0,1538.800048828125,6090883,0.0,0.0,1546.300048828125,19.4000244140625,20.43572998046875,1547.6707548704671,1541.4863673378907,1549.8884313810527,1541.934087089518,False,False
2025-12-04 00:00:00+05:30,1536.0,1560.5,1517.5999755859375,1535.5999755859375,11867930,0.0,0.0,1538.800048828125,42.9000244140625,22.400015694754465,1545.2565990135613,1540.6454542304689,1547.6707548704671,1541.4863673378907,False,False
2025-12-05 00:00:00+05:30,1530.4000244140625,1545.800048828125,1520.5999755859375,1540.5999755859375,10183266,0.0,0.0,1535.5999755859375,25.2000732421875,23.328595842633927,1544.3252743280366,1540.63895728125,1545.2565990135613,1540.6454542304689,False,False
2025-12-08 00:00:00+05:30,1539.199951171875,1551.0,1535.0,1543.0,11301491,0.0,0.0,1540.5999755859375,16.0,23.235735212053573,1544.0602194624294,1540.9762490982143,1544.3252743280366,1540.63895728125,False,False
2025-12-09 00:00:00+05:30,1540.300048828125,1542.5,1520.0999755859375,1529.4000244140625,11503971,0.0,0.0,1543.0,22.9000244140625,24.135733468191965,1541.1281804527562,1539.3225027147641,1544.0602194624294,1540.9762490982143,False,False
2025-12-10 00:00:00+05:30,1534.0,1547.5,1531.4000244140625,1536.9000244140625,7991629,0.0,0.0,1529.4000244140625,18.0999755859375,23.142874581473215,1540.2825492450174,1538.9764343860925,1541.1281804527562,1539.3225027147641,False,False
2025-12-11 00:00:00+05:30,1536.9000244140625,1550.0,1524.0,1545.0,4706197,0.0,0.0,1536.9000244140625,26.0,23.735726492745535,1541.2260393960141,1539.836943759508,1540.2825492450174,1538.9764343860925,False,False
2025-12-12 00:00:00+05:30,1550.800048828125,1559.800048828125,1546.0999755859375,1556.5,5106655,0.0,0.0,1545.0,14.800048828125,23.492876325334823,1544.2808315168113,1542.2173803652927,1541.2260393960141,1539.836943759508,False,False
2025-12-15 00:00:00+05:30,1551.199951171875,1558.5999755859375,1546.5,1556.199951171875,5774543,0.0,0.0,1556.5,12.0999755859375,21.892874581473215,1546.664655447824,1544.2148904805188,1544.2808315168113,1542.2173803652927,False,False
2025-12-16 00:00:00+05:30,1545.0,1551.699951171875,1538.800048828125,1542.300048828125,11731856,0.0,0.0,1556.199951171875,17.39990234375,20.857151576450892,1545.7917341238845,1543.941341673034,1546.664655447824,1544.2148904805188,False,False
2025-12-17 00:00:00+05:30,1550.0,1550.0,1539.300048828125,1544.4000244140625,7116649,0.0,0.0,1542.300048828125,10.699951171875,20.22857666015625,1545.5133921819202,1544.0068677788952,1545.7917341238845,1543.941341673034,False,False
2025-12-18 00:00:00+05:30,1535.199951171875,1551.5,1535.199951171875,1544.4000244140625,6580829,0.0,0.0,1544.4000244140625,16.300048828125,20.085719517299108,1545.2907186283487,1544.0630330124907,1545.5133921819202,1544.0068677788952,False,False
2025-12-19 00:00:00+05:30,1554.4000244140625,1574.199951171875,1551.0,1565.0999755859375,13937275,0.0,0.0,1544.4000244140625,29.7999267578125,21.221426827566965,1549.2525700198667,1547.0683105229832,1545.2907186283487,1544.0630330124907,False,False
2025-12-22 00:00:00+05:30,1573.5,1577.5,1565.300048828125,1575.4000244140625,10184852,0.0,0.0,1565.0999755859375,12.4000244140625,20.285714285714285,1554.4820608987059,1551.115698221709,1549.2525700198667,1547.0683105229832,False,False
2025-12-23 00:00:00+05:30,1580.9000244140625,1580.9000244140625,1568.0999755859375,1570.699951171875,7506564,0.0,0.0,1575.4000244140625,12.800048828125,19.814287458147323,1557.72563895334,1553.9134486431615,1554.4820608987059,1551.115698221709,False,False
2025-12-24 00:00:00+05:30,1572.699951171875,1575.699951171875,1553.5999755859375,1558.199951171875,8815745,0.0,0.0,1570.699951171875,22.0999755859375,18.328569684709823,1557.820501397047,1554.5258061472637,1557.72563895334,1553.9134486431615,False,False
2025-12-26 00:00:00+05:30,1554.699951171875,1561.0,1554.300048828125,1559.199951171875,2311495,0.0,0.0,1558.199951171875,6.699951171875,17.007132393973215,1558.0963913520127,1555.1935411507798,1557.820501397047,1554.5258061472637,False,False
2025-12-29 00:00:00+05:30,1554.9000244140625,1558.0999755859375,1543.5999755859375,1545.5999755859375,5972105,0.0,0.0,1559.199951171875,15.5999755859375,16.978559221540177,1555.5971081987977,1553.8230317843738,1558.0963913520127,1555.1935411507798,False,False
2025-12-30 00:00:00+05:30,1547.0,1553.5999755859375,1537.800048828125,1539.800048828125,8815884,0.0,0.0,1545.5999755859375,15.7999267578125,16.471409388950892,1552.4376963246634,1551.8197485049097,1555.5971081987977,1553.8230317843738,False,False
2025-12-31 00:00:00+05:30,1541.0,1577.0,1541.0,1570.4000244140625,5771830,0.0,0.0,1539.800048828125,37.199951171875,17.835693359375,1556.0301619425434,1554.4740736347887,1552.4376963246634,1551.8197485049097,False,False
2026-01-01 00:00:00+05:30,1573.699951171875,1592.5,1571.0999755859375,1575.5999755859375,6408128,0.0,0.0,1570.4000244140625,22.0999755859375,17.557120186941965,1559.9441246712222,1557.4920596278102,1556.0301619425434,1554.4740736347887,False,False
2026-01-02 00:00:00+05:30,1580.0,1594.5999755859375,1578.199951171875,1592.300048828125,6602230,0.0,0.0,1575.5999755859375,19.0,17.85711669921875,1566.415309502603,1562.4646295135697,1559.9441246712222,1557.4920596278102,False,False
2026-01-05 00:00:00+05:30,1593.0,1611.800048828125,1575.300048828125,1578.0999755859375,8704973,0.0,0.0,1592.300048828125,36.5,19.5999755859375,1568.7522427192698,1564.6982503810507,1566.415309502603,1562.4646295135697,False,False
2026-01-06 00:00:00+05:30,1569.0,1569.0,1496.300048828125,1507.5999755859375,27417125,0.0,0.0,1578.0999755859375,81.7999267578125,24.199977329799108,1556.5217892926034,1556.541353981749,1568.7522427192698,1564.6982503810507,False,True
2026-01-07 00:00:00+05:30,1510.0,1520.0,1498.0,1504.199951171875,11199340,0.0,0.0,1507.5999755859375,22.0,25.007123674665177,1546.0574216684577,1549.0640107231957,1556.5217892926034,1556.541353981749,False,False
2026-01-08 00:00:00+05:30,1500.0,1503.9000244140625,1468.800048828125,1470.5999755859375,16518684,0.0,0.0,1504.199951171875,35.39990234375,26.37139892578125,1530.9659324519537,1537.8548628464446,1546.0574216684577,1549.0640107231957,False,False
2026-01-09 00:00:00+05:30,1465.0,1479.9000244140625,1465.0,1475.300048828125,8335311,0.0,0.0,1470.5999755859375,14.9000244140625,25.307120186941965,1519.832755727188,1528.9184608438275,1530.9659324519537,1537.8548628464446,False,False
2026-01-12 00:00:00+05:30,1475.300048828125,1485.300048828125,1451.0,1483.199951171875,8883745,0.0,0.0,1475.300048828125,34.300048828125,26.871407645089285,1512.5061948161256,1522.3872451764057,1519.832755727188,1528.9184608438275,False,False
2026-01-13 00:00:00+05:30,1485.0,1485.800048828125,1444.699951171875,1452.800048828125,13499760,0.0,0.0,1483.199951171875,41.10009765625,28.892839704241073,1500.5649656185255,1512.4462171266514,1512.5061948161256,1522.3872451764057,False,False
2026-01-14 00:00:00+05:30,1444.0,1467.0,1440.199951171875,1458.800048828125,8321764,0.0,0.0,1452.800048828125,26.800048828125,29.228559221540177,1492.2119822604454,1504.7824787982904,1500.5649656185255,1512.4462171266514,False,False
2026-01-15 00:00:00+05:30,1458.800048828125,1458.800048828125,1458.800048828125,1458.800048828125,0,0.0,0.0,1458.800048828125,0.0,28.749991280691965,1485.5295955739814,1498.213560231124,1492.2119822604454,1504.7824787982904,False,False
2026-01-16 00:00:00+05:30,1458.800048828125,1480.0,1455.0999755859375,1457.9000244140625,17167161,0.0,0.0,1458.800048828125,24.9000244140625,29.414280482700892,1480.0036813419977,1492.4544836858295,1485.5295955739814,1498.213560231124,False,False
2026-01-19 00:00:00+05:30,1450.5999755859375,1450.5999755859375,1403.300048828125,1413.5999755859375,20392765,0.0,0.0,1457.9000244140625,54.5999755859375,32.18571254185268,1466.7229401907857,1481.1895539572736,1480.0036813419977,1492.4544836858295,False,False
2026-01-20 00:00:00+05:30,1410.699951171875,1416.0,1390.0,1394.0,13189498,0.0,0.0,1413.5999755859375,26.0,31.385716029575892,1452.1783521526286,1468.7339033919488,1466.7229401907857,1481.1895539572736,False,False
2026-01-21 00:00:00+05:30,1389.5,1412.9000244140625,1373.0,1404.5999755859375,17352720,0.0,0.0,1394.0,39.9000244140625,32.65714808872768,1442.6626768392903,1459.571913705376,1452.1783521526286,1468.7339033919488,False,False
2026-01-22 00:00:00+05:30,1410.0999755859375,1419.5,1395.0,1402.5,15721693,0.0,0.0,1404.5999755859375,24.5,33.05000523158482,1434.6301414714324,1451.4187831760366,1442.6626768392903,1459.571913705376,False,False
2026-01-23 00:00:00+05:30,1401.800048828125,1407.0,1381.0,1386.0999755859375,9837802,0.0,0.0,1402.5,26.0,32.30000523158482,1424.9241082943336,1442.0875249488797,1434.6301414714324,1451.4187831760366,False,False
2026-01-27 00:00:00+05:30,1380.0,1391.5999755859375,1368.0,1380.5,26302396,0.0,0.0,1386.0999755859375,23.5999755859375,28.142865862165177,1416.0392866354669,1433.28930709904,1424.9241082943336,1442.0875249488797,False,False
2026-01-28 00:00:00+05:30,1385.0,1409.9000244140625,1384.9000244140625,1396.699951171875,11121657,0.0,0.0,1380.5,29.4000244140625,28.671439034598215,1412.1714195427485,1428.0622562523022,1416.0392866354669,1433.28930709904,False,False
2026-01-29 00:00:00+05:30,1402.9000244140625,1402.9000244140625,1384.0,1391.0,20846683,0.0,0.0,1396.699951171875,18.9000244140625,27.492876325334823,1407.937135634199,1422.7676482162592,1412.1714195427485,1428.0622562523022,False,False
2026-01-30 00:00:00+05:30,1382.5999755859375,1398.0,1378.5,1395.4000244140625,11239835,0.0,0.0,1391.0,19.5,27.821446010044642,1405.4297133901719,1418.8579876730885,1407.937135634199,1422.7676482162592,False,False
2026-02-02 00:00:00+05:30,1340.0,1392.9000244140625,1335.5,1390.4000244140625,15711165,0.0,0.0,1395.4000244140625,59.9000244140625,29.650015694754465,1402.42377559495,1414.7925643503706,1405.4297133901719,1418.8579876730885,False,False
2026-02-03 00:00:00+05:30,1473.9000244140625,1489.5,1430.199951171875,1437.0999755859375,25456171,0.0,0.0,1390.4000244140625,99.0999755859375,33.79286411830357,1409.3590155931474,1417.979337384023,1402.42377559495,1414.7925643503706,False,False
2026-02-04 00:00:00+05:30,1444.0,1464.0,1440.300048828125,1456.800048828125,8333387,0.0,0.0,1437.0999755859375,26.9000244140625,33.80000523158482,1418.8472222401429,1423.5251533046091,1409.3590155931474,1417.979337384023,False,False
2026-02-05 00:00:00+05:30,1457.0,1461.5,1439.5,1443.4000244140625,11763658,0.0,0.0,1456.800048828125,22.0,35.371433803013396,1423.7577826749268,1426.3644206059598,1418.8472222401429,1423.5251533046091,False,False
2026-02-06 00:00:00+05:30,1441.5,1452.800048828125,1433.5,1450.800048828125,8277304,0.0,0.0,1443.4000244140625,19.300048828125,34.971435546875,1429.1662359055665,1429.8552246376978,1423.7577826749268,1426.3644206059598,False,False
2026-02-09 00:00:00+05:30,1458.0,1465.9000244140625,1453.0,1461.5999755859375,5775864,0.0,0.0,1450.800048828125,15.0999755859375,32.15000697544643,1435.652983841641,1434.390189058875,1429.1662359055665,1429.8552246376978,True,False
2026-02-10 00:00:00+05:30,1471.0,1471.0,1452.199951171875,1458.5,10259630,0.0,0.0,1461.5999755859375,18.800048828125,31.635724748883927,1440.2223870733128,1437.8344477647502,1435.652983841641,1434.390189058875,False,False
2026-02-11 00:00:00+05:30,1459.5999755859375,1470.0,1453.5999755859375,1468.699951171875,7106877,0.0,0.0,1458.5,16.4000244140625,29.9571533203125,1445.9178998930254,1442.2438053943395,1440.2223870733128,1437.8344477647502,False,False
2026-02-12 00:00:00+05:30,1470.0,1473.0,1445.5,1448.9000244140625,11135399,0.0,0.0,1468.699951171875,27.5,30.171439034598215,1446.514324797233,1443.1946938257286,1445.9178998930254,1442.2438053943395,False,False
2026-02-13 00:00:00+05:30,1445.5,1450.699951171875,1416.300048828125,1419.5999755859375,10755693,0.0,0.0,1448.9000244140625,34.39990234375,30.771432059151785,1441.1314549549738,1439.8240197914727,1446.514324797233,1443.1946938257286,False,False
2026-02-16 00:00:00+05:30,1420.0999755859375,1439.5999755859375,1409.300048828125,1437.0999755859375,5896514,0.0,0.0,1419.5999755859375,30.2999267578125,31.25,1440.3251590811665,1439.4348706192534,1441.1314549549738,1439.8240197914727,False,False
2026-02-17 00:00:00+05:30,1431.0999755859375,1431.800048828125,1418.5999755859375,1423.0,10731630,0.0,0.0,1437.0999755859375,18.5,30.471426827566965,1436.8601272649335,1437.08703195936,1440.3251590811665,1439.4348706192534,False,True
2026-02-18 00:00:00+05:30,1427.0,1442.0999755859375,1419.199951171875,1441.300048828125,5521096,0.0,0.0,1423.0,22.9000244140625,30.75714111328125,1437.7481115775718,1437.6888915120408,1436.8601272649335,1437.08703195936,True,False
2026-02-19 00:00:00+05:30,1443.0,1443.0,1400.0,1409.5,11884664,0.0,0.0,1441.300048828125,43.0,32.43571254185268,1432.0984892620575,1433.6619070103209,1437.7481115775718,1437.6888915120408,False,True
2026-02-20 00:00:00+05:30,1409.5,1427.4000244140625,1406.0999755859375,1419.4000244140625,8177670,0.0,0.0,1409.5,21.300048828125,29.678571428571427,1429.5587962924585,1431.6244952108555,1432.0984892620575,1433.6619070103209,False,False
2026-02-23 00:00:00+05:30,1425.0,1434.9000244140625,1418.300048828125,1428.0,7758856,0.0,0.0,1419.4000244140625,16.5999755859375,23.785714285714285,1429.247037033967,1431.1067101807334,1429.5587962924585,1431.6244952108555,False,False
2026-02-24 00:00:00+05:30,1425.300048828125,1433.300048828125,1415.0,1428.800048828125,12529409,0.0,0.0,1428.0,18.300048828125,23.171430315290177,1429.1576393927987,1430.777187130361,1429.247037033967,1431.1067101807334,False,False
2026-02-25 00:00:00+05:30,1435.0,1440.5,1393.5,1398.5,10728792,0.0,0.0,1428.800048828125,47.0,24.957144601004465,1423.0261115142391,1426.1661603974524,1429.1576393927987,1430.777187130361,False,False
2026-02-26 00:00:00+05:30,1398.5,1412.9000244140625,1391.9000244140625,1406.800048828125,16683858,0.0,0.0,1398.5,21.0,25.078569684709823,1419.7808989770165,1423.3995730304057,1423.0261115142391,1426.1661603974524,False,False
2026-02-27 00:00:00+05:30,1398.0,1410.4000244140625,1388.0999755859375,1393.9000244140625,12031440,0.0,0.0,1406.800048828125,22.300048828125,25.592860630580358,1414.604724064426,1419.1853517994996,1419.7808989770165,1423.3995730304057,False,False
2026-03-02 00:00:00+05:30,1375.5,1378.5999755859375,1341.5,1358.0,23728722,0.0,0.0,1393.9000244140625,52.4000244140625,27.99285888671875,1403.2837792515406,1410.444587256714,1414.604724064426,1419.1853517994996,False,False
2026-03-04 00:00:00+05:30,1330.0,1352.800048828125,1307.0,1345.0,32495007,0.0,0.0,1358.0,51.0,30.464285714285715,1391.6270234012325,1401.0953605057548,1403.2837792515406,1410.444587256714,False,False
2026-03-05 00:00:00+05:30,1353.0999755859375,1399.0,1353.0999755859375,1389.4000244140625,25957532,0.0,0.0,1345.0,54.0,32.357142857142854,1391.1816236037985,1399.4245982069417,1391.6270234012325,1401.0953605057548,False,False
2026-03-06 00:00:00+05:30,1396.5,1424.300048828125,1390.300048828125,1404.800048828125,19311971,0.0,0.0,1389.4000244140625,34.9000244140625,32.39286586216518,1393.9053086486638,1400.1925197242538,1391.1816236037985,1399.4245982069417,False,False
2026-03-09 00:00:00+05:30,1375.0,1429.4000244140625,1370.0,1424.0,24870822,0.0,0.0,1404.800048828125,59.4000244140625,34.471444266183035,1399.924246918931,1403.5935883350746,1393.9053086486638,1400.1925197242538,False,False
2026-03-10 00:00:00+05:30,1430.5999755859375,1431.5,1400.5999755859375,1408.800048828125,18071259,0.0,0.0,1424.0,30.9000244140625,35.35716029575893,1401.6994073007697,1404.3373684055105,1399.924246918931,1403.5935883350746,False,False
2026-03-11 00:00:00+05:30,1424.9000244140625,1434.0,1383.5999755859375,1390.199951171875,21848087,0.0,0.0,1408.800048828125,50.4000244140625,37.321446010044646,1399.3995160749907,1402.3177373721342,1401.6994073007697,1404.3373684055105,False,False
2026-03-12 00:00:00+05:30,1390.0,1410.9000244140625,1381.0999755859375,1392.199951171875,20939959,0.0,0.0,1390.199951171875,29.800048828125,36.378592354910715,1397.9596030943676,1400.872339343526,1399.3995160749907,1402.3177373721342,False,False
2026-03-13 00:00:00+05:30,1385.199951171875,1400.800048828125,1378.4000244140625,1380.699951171875,17265090,0.0,0.0,1392.199951171875,22.4000244140625,36.457162039620535,1394.5076727098692,1397.9905696047188,1397.9596030943676,1400.872339343526,False,False
2026-03-16 00:00:00+05:30,1380.0,1397.300048828125,1363.5,1395.0999755859375,22837802,0.0,0.0,1380.699951171875,33.800048828125,37.685738699776785,1394.626133285083,1397.5776276020358,1394.5076727098692,1397.9905696047188,False,False
2026-03-17 00:00:00+05:30,1399.0,1405.9000244140625,1388.199951171875,1397.5999755859375,19007744,0.0,0.0,1395.0999755859375,17.7000732421875,37.64288330078125,1395.220901745254,1397.5808201711648,1394.626133285083,1397.5776276020358,False,False
2026-03-18 00:00:00+05:30,1397.199951171875,1412.9000244140625,1397.199951171875,1408.0999755859375,9559327,0.0,0.0,1397.5999755859375,15.7000732421875,35.407174246651785,1397.7967165133907,1399.0835566589894,1395.220901745254,1397.5808201711648,False,False
2026-03-19 00:00:00+05:30,1388.0,1415.699951171875,1376.0999755859375,1384.800048828125,16498373,0.0,0.0,1408.0999755859375,39.5999755859375,36.735743931361604,1395.1973829763376,1397.0430555402947,1397.7967165133907,1399.0835566589894,False,False
2026-03-20 00:00:00+05:30,1398.0,1430.0,1396.0999755859375,1414.4000244140625,22994918,0.0,0.0,1384.800048828125,45.199951171875,38.371451241629465,1399.0379112638827,1399.5226225222618,1395.1973829763376,1397.0430555402947,False,False
2026-03-23 00:00:00+05:30,1400.0,1415.5999755859375,1391.0,1407.800048828125,18979554,0.0,0.0,1414.4000244140625,24.5999755859375,36.385733468191965,1400.7903387767312,1400.7051119945281,1399.0379112638827,1399.5226225222618,True,False
2026-03-24 00:00:00+05:30,1420.0,1422.4000244140625,1406.5999755859375,1411.800048828125,18620893,0.0,0.0,1407.800048828125,15.800048828125,33.871451241629465,1402.9922807870103,1402.2901029707564,1400.7903387767312,1400.7051119945281,False,False
2026-03-25 00:00:00+05:30,1420.0,1430.5,1408.4000244140625,1413.0999755859375,19041331,0.0,0.0,1411.800048828125,22.0999755859375,31.592878069196427,1405.0138197467957,1403.834370487211,1402.9922807870103,1402.2901029707564,False,False
2026-03-27 00:00:00+05:30,1401.0,1404.699951171875,1345.0,1348.0999755859375,23266517,0.0,0.0,1413.0999755859375,68.0999755859375,33.964303152901785,1393.631050914624,1395.8723140727434,1405.0138197467957,1403.834370487211,False,True
2026-03-30 00:00:00+05:30,1335.0,1365.0,1334.0999755859375,1343.9000244140625,24393861,0.0,0.0,1348.0999755859375,30.9000244140625,31.9285888671875,1383.684845614512,1388.4477012643606,1393.631050914624,1395.8723140727434,False,False
2026-04-01 00:00:00+05:30,1384.199951171875,1384.4000244140625,1362.9000244140625,1369.199951171875,14404619,0.0,0.0,1343.9000244140625,40.5,32.61430140904018,1380.7878667259847,1385.69802267972,1383.684845614512,1388.4477012643606,False,False
2026-04-02 00:00:00+05:30,1357.0,1358.199951171875,1328.0,1350.5,21280051,0.0,0.0,1369.199951171875,41.199951171875,31.9571533203125,1374.7302933807878,1380.6697337254743,1380.7878667259847,1385.69802267972,False,False
2026-04-06 00:00:00+05:30,1359.0,1359.0,1290.0,1304.699951171875,29274881,0.0,0.0,1350.5,69.0,34.757149832589285,1360.7242249390054,1369.816907646389,1374.7302933807878,1380.6697337254743,False,False
2026-04-07 00:00:00+05:30,1295.0,1308.300048828125,1291.0,1304.5999755859375,28388922,0.0,0.0,1304.699951171875,17.300048828125,34.39286586216518,1349.4993750683918,1360.5002030663245,1360.7242249390054,1369.816907646389,False,False
2026-04-08 00:00:00+05:30,1349.0,1350.5999755859375,1326.199951171875,1347.800048828125,21817543,0.0,0.0,1304.5999755859375,46.0,35.264290945870535,1349.1595098203384,1358.6858953180104,1349.4993750683918,1360.5002030663245,False,False
2026-04-09 00:00:00+05:30,1346.0,1350.0,1326.300048828125,1330.0,20725390,0.0,0.0,1347.800048828125,23.699951171875,35.69285365513393,1345.3276078562708,1354.5879102725803,1349.1595098203384,1358.6858953180104,False,False
2026-04-10 00:00:00+05:30,1337.0,1352.300048828125,1331.5,1350.199951171875,19364461,0.0,0.0,1330.0,22.300048828125,36.164280482700896,1346.3020765193917,1353.9610589724796,1345.3276078562708,1354.5879102725803,False,False
2026-04-13 00:00:00+05:30,1321.199951171875,1327.5999755859375,1310.0,1315.0999755859375,28745744,0.0,0.0,1350.199951171875,40.199951171875,36.20713588169643,1340.061656332701,1348.409475631545,1346.3020765193917,1353.9610589724796,False,False
