datetime,open,high,low,close,volume,ema3,ema9,ema21,atr14,co_ema3_ema9,co_ema3_ema21,co_ema9_ema21,count_co_ema3_ema9,count_co_ema3_ema21,count_co_ema9_ema21
2026-04-09 23:40:00,260.0,260.0,259.92,259.98,1436.0,259.98,259.98,259.98,,EMA3xEMA9 Bearish,EMA3xEMA21 Bearish,EMA9xEMA21 Bearish,1,1,1
2026-04-09 23:41:00,260.0,260.05,259.98,260.0,1552.0,259.99,259.98400000000004,259.9818181818182,,EMA3xEMA9 Bullish,EMA3xEMA21 Bullish,EMA9xEMA21 Bullish,2,2,2
2026-04-09 23:42:00,259.98,259.98,259.88,259.94,827.0,259.96500000000003,259.97520000000003,259.97801652892565,,EMA3xEMA9 Bearish,EMA3xEMA21 Bearish,EMA9xEMA21 Bearish,3,3,3
2026-04-09 23:43:00,259.93,259.97,259.89,259.91,356.0,259.9375,259.96216000000004,259.9718332081142,,,,,3,3,3
2026-04-09 23:44:00,259.9,259.94,259.83,259.94,1447.0,259.93875,259.95772800000003,259.9689392801038,,,,,3,3,3
2026-04-09 23:45:00,259.92,259.94,259.88,259.89,1548.0,259.914375,259.94418240000005,259.96176298191256,,,,,3,3,3
2026-04-09 23:46:00,259.88,259.94,259.88,259.94,963.0,259.9271875,259.94334592000007,259.9597845290114,,,,,3,3,3
2026-04-09 23:47:00,259.95,260.01,259.9,259.98,1564.0,259.95359375,259.9506767360001,259.9616222991013,,EMA3xEMA9 Bullish,,,4,3,3
2026-04-09 23:48:00,260.01,260.04,259.99,260.02,1987.0,259.986796875,259.9645413888001,259.96692936281937,,EMA3xEMA9 Bullish,EMA3xEMA21 Bullish,,5,4,3
2026-04-09 23:49:00,260.02,260.035,259.99,260.01,619.0,259.9983984375,259.9736331110401,259.9708448752903,,EMA3xEMA9 Bullish,EMA3xEMA21 Bullish,EMA9xEMA21 Bullish,6,5,4
2026-04-09 23:50:00,260.02,260.04,259.91,259.91,988.0,259.95419921875,259.9609064888321,259.9653135229912,,EMA3xEMA9 Bearish,EMA3xEMA21 Bearish,EMA9xEMA21 Bearish,7,6,5
2026-04-09 23:51:00,259.94,259.97,259.86,259.89,1391.0,259.922099609375,259.9467251910657,259.9584668390829,,,,,7,6,5
2026-04-09 23:52:00,259.9,259.9,259.83,259.85,910.0,259.8860498046875,259.9273801528526,259.94860621734813,,,,,7,6,5
2026-04-09 23:53:00,259.84,259.84,259.64,259.64,2831.0,259.7630249023438,259.8699041222821,259.92055110668014,0.09392857142857938,,,,7,6,5
2026-04-09 23:54:00,259.64,259.72,259.62,259.65,1752.0,259.7065124511719,259.8259232978257,259.8959555515274,0.09535714285715358,,,,7,6,5
2026-04-09 23:55:00,259.66,259.77,259.55,259.67,4117.0,259.688256225586,259.7947386382606,259.87541413775216,0.10607142857143767,,,,7,6,5
2026-04-09 23:56:00,259.7,259.75,259.62,259.62,1165.0,259.654128112793,259.75979091060844,259.8521946706838,0.10678571428572273,,,,7,6,5
2026-04-09 23:57:00,259.64,259.69,259.62,259.69,1535.0,259.6720640563965,259.7458327284868,259.8374497006216,0.1060714285714336,,,,7,6,5
2026-04-09 23:58:00,259.7,259.77,259.66,259.71,1294.0,259.69103202819826,259.7386661827894,259.82586336420144,0.10607142857142955,,,,7,6,5
2026-04-09 23:59:00,259.69,259.7,259.61,259.63,1213.0,259.66051601409913,259.71693294623157,259.80805760381946,0.1089285714285698,,,,7,6,5
2026-04-10 00:00:00,259.62,259.66,259.49,259.49,2138.0,259.57525800704957,259.6715463569853,259.7791432761995,0.11678571428571363,,,,7,6,5
2026-04-10 00:01:00,259.5,259.58,259.49,259.57,5030.0,259.57262900352475,259.65123708558826,259.76013025109046,0.11535714285713945,,,,7,6,5
2026-04-10 00:02:00,259.57,259.67,259.56,259.62,2110.0,259.5963145017624,259.64498966847066,259.74739113735495,0.11892857142856883,,,,7,6,5
2026-04-10 00:03:00,259.59,259.6,259.43,259.53,4852.0,259.5631572508812,259.62199173477654,259.7276283066863,0.1292857142857104,,,,7,6,5
2026-04-10 00:04:00,259.5,259.51,259.47,259.51,746.0,259.5365786254406,259.59959338782124,259.70784391516935,0.12428571428570681,,,,7,6,5
2026-04-10 00:05:00,259.51,259.65,259.5,259.63,1547.0,259.5832893127203,259.605674710257,259.7007671956085,0.12714285714284707,,,,7,6,5
2026-04-10 00:06:00,259.63,259.63,259.57,259.57,2112.0,259.57664465636014,259.5985397682056,259.688879268735,0.126428571428562,,,,7,6,5
2026-04-10 00:07:00,259.6,259.69,259.59,259.69,3051.0,259.63332232818004,259.61683181456453,259.68898115339545,0.11999999999998831,EMA3xEMA9 Bullish,,,8,6,5
2026-04-10 00:08:00,259.7,259.7,259.61,259.62,741.0,259.62666116409,259.61746545165164,259.6827101394504,0.11928571428569919,EMA3xEMA9 Bullish,,,9,6,5
2026-04-10 00:09:00,259.6,259.8,259.59,259.75,1887.0,259.688330582045,259.64397236132135,259.6888273995004,0.11857142857141818,EMA3xEMA9 Bullish,,,10,6,5
2026-04-10 00:10:00,259.78,259.81,259.73,259.81,1652.0,259.7491652910225,259.6771778890571,259.69984309045486,0.11499999999998879,EMA3xEMA9 Bullish,EMA3xEMA21 Bullish,,11,7,5
2026-04-10 00:11:00,259.82,259.845,259.79,259.79,1773.0,259.76958264551126,259.6997423112457,259.7080391731408,0.11392857142856119,EMA3xEMA9 Bullish,EMA3xEMA21 Bullish,,12,8,5
2026-04-10 00:12:00,259.78,259.85,259.75,259.82,1447.0,259.7947913227556,259.7237938489966,259.71821743012794,0.11321428571428019,EMA3xEMA9 Bullish,EMA3xEMA21 Bullish,EMA9xEMA21 Bullish,13,9,6
2026-04-10 00:13:00,259.78,259.78,259.59,259.63,2532.0,259.7123956613778,259.7050350791973,259.7101976637527,0.12249999999999821,EMA3xEMA9 Bullish,EMA3xEMA21 Bullish,EMA9xEMA21 Bearish,14,10,7
2026-04-10 00:14:00,259.65,259.79,259.64,259.77,2418.0,259.74119783068886,259.71802806335785,259.71563423977517,0.12178571428571315,EMA3xEMA9 Bullish,EMA3xEMA21 Bullish,EMA9xEMA21 Bullish,15,11,8
2026-04-10 00:15:00,259.78,259.8,259.73,259.8,945.0,259.7705989153444,259.73442245068634,259.72330385434105,0.12035714285714302,EMA3xEMA9 Bullish,EMA3xEMA21 Bullish,EMA9xEMA21 Bullish,16,12,9
2026-04-10 00:16:00,259.81,259.88,259.8,259.8,1158.0,259.7852994576722,259.7475379605491,259.73027623121914,0.11821428571428376,EMA3xEMA9 Bullish,EMA3xEMA21 Bullish,EMA9xEMA21 Bullish,17,13,10
2026-04-10 00:17:00,259.8,259.85,259.76,259.82,3131.0,259.80264972883606,259.7620303684393,259.73843293747194,0.11107142857142906,EMA3xEMA9 Bullish,EMA3xEMA21 Bullish,EMA9xEMA21 Bullish,18,14,11
2026-04-10 00:18:00,259.785,259.805,259.76,259.77,388.0,259.786324864418,259.7636242947514,259.74130267042904,0.11107142857143312,EMA3xEMA9 Bullish,EMA3xEMA21 Bullish,EMA9xEMA21 Bullish,19,15,12
2026-04-10 00:19:00,259.79,259.79,259.7,259.74,968.0,259.763162432209,259.75889943580114,259.7411842458446,0.10678571428572273,EMA3xEMA9 Bullish,EMA3xEMA21 Bullish,EMA9xEMA21 Bullish,20,16,13
2026-04-10 00:20:00,259.755,259.76,259.64,259.65,1103.0,259.7065812161045,259.7371195486409,259.7328947689496,0.11107142857143718,EMA3xEMA9 Bearish,EMA3xEMA21 Bearish,EMA9xEMA21 Bullish,21,17,14
2026-04-10 00:21:00,259.66,259.78,259.62,259.72,2524.0,259.71329060805226,259.73369563891276,259.7317225172269,0.11392857142857744,,,EMA9xEMA21 Bullish,21,17,15
2026-04-10 00:22:00,259.74,259.79,259.74,259.745,209.0,259.72914530402613,259.7359565111302,259.7329295611153,0.1125000000000073,,,EMA9xEMA21 Bullish,21,17,16
2026-04-10 00:23:00,259.74,259.79,259.66,259.66,981.0,259.6945726520131,259.7207652089042,259.7262996010139,0.10678571428571867,,,EMA9xEMA21 Bearish,21,17,17
2026-04-10 00:24:00,259.67,259.72,259.64,259.71,999.0,259.7022863260065,259.71861216712335,259.7248178191036,0.10678571428572273,,,,21,17,17
2026-04-10 00:25:00,259.76,259.85,259.76,259.82,675.0,259.7611431630032,259.73888973369867,259.7334707446396,0.1128571428571539,EMA3xEMA9 Bullish,EMA3xEMA21 Bullish,EMA9xEMA21 Bullish,22,18,18
2026-04-10 00:26:00,259.8,259.85,259.8,259.85,1052.0,259.8055715815016,259.76111178695896,259.74406431330874,0.10928571428572452,EMA3xEMA9 Bullish,EMA3xEMA21 Bullish,EMA9xEMA21 Bullish,23,19,19
2026-04-10 00:27:00,259.84,259.92,259.84,259.86,1171.0,259.8327857907508,259.7808894295672,259.75460392118976,0.09857142857144043,EMA3xEMA9 Bullish,EMA3xEMA21 Bullish,EMA9xEMA21 Bullish,24,20,20
2026-04-10 00:28:00,259.88,259.95,259.88,259.94,1253.0,259.88639289537537,259.8127115436538,259.7714581101725,0.09357142857143685,EMA3xEMA9 Bullish,EMA3xEMA21 Bullish,EMA9xEMA21 Bullish,25,21,21
2026-04-10 00:29:00,259.94,259.94,259.85,259.87,1125.0,259.8781964476877,259.82416923492303,259.78041646379313,0.09500000000000698,EMA3xEMA9 Bullish,EMA3xEMA21 Bullish,EMA9xEMA21 Bullish,26,22,22
2026-04-10 00:30:00,259.88,259.98,259.86,259.95,2864.0,259.91409822384384,259.8493353879384,259.79583314890283,0.0978571428571513,EMA3xEMA9 Bullish,EMA3xEMA21 Bullish,EMA9xEMA21 Bullish,27,23,23
2026-04-10 00:31:00,259.97,260.02,259.91,259.97,6423.0,259.94204911192196,259.87346831035075,259.81166649900257,0.09928571428571738,EMA3xEMA9 Bullish,EMA3xEMA21 Bullish,EMA9xEMA21 Bullish,28,24,24
2026-04-10 00:32:00,259.98,260.22,259.98,260.18,9731.0,260.061024555961,259.9347746482806,259.8451513627296,0.11285714285714578,EMA3xEMA9 Bullish,EMA3xEMA21 Bullish,EMA9xEMA21 Bullish,29,25,25
2026-04-10 00:33:00,260.17,260.19,260.11,260.16,2097.0,260.11051227798055,259.9798197186245,259.8737739661178,0.11214285714285666,EMA3xEMA9 Bullish,EMA3xEMA21 Bullish,EMA9xEMA21 Bullish,30,26,26
2026-04-10 00:34:00,260.17,260.2,260.15,260.2,1808.0,260.15525613899024,260.02385577489963,259.90343087828893,0.10714285714285714,EMA3xEMA9 Bullish,EMA3xEMA21 Bullish,EMA9xEMA21 Bullish,31,27,27
2026-04-10 00:35:00,260.19,260.19,260.07,260.12,1571.0,260.1376280694951,260.0430846199197,259.92311898026264,0.10500000000000195,EMA3xEMA9 Bullish,EMA3xEMA21 Bullish,EMA9xEMA21 Bullish,32,28,28
2026-04-10 00:36:00,260.115,260.115,259.92,259.95,1654.0,260.0438140347476,260.02446769593575,259.92556270932965,0.1142857142857159,EMA3xEMA9 Bullish,EMA3xEMA21 Bullish,EMA9xEMA21 Bullish,33,29,29
2026-04-10 00:37:00,259.96,259.99,259.89,259.96,6506.0,260.0019070173738,260.0115741567486,259.9286933721179,0.11214285714286072,EMA3xEMA9 Bearish,EMA3xEMA21 Bullish,EMA9xEMA21 Bullish,34,30,30
2026-04-10 00:38:00,259.98,259.98,259.84,259.91,1786.0,259.9559535086869,259.9912593253989,259.92699397465265,0.11642857142857517,,EMA3xEMA21 Bullish,EMA9xEMA21 Bullish,34,31,31
2026-04-10 00:39:00,259.97,260.01,259.97,259.98,1449.0,259.96797675434345,259.98900746031916,259.9318127042297,0.11357142857142678,,EMA3xEMA21 Bullish,EMA9xEMA21 Bullish,34,32,32
2026-04-10 00:40:00,260.0,260.27,260.0,260.26,25741.0,260.1139883771717,260.04320596825534,259.9616479129361,0.1307142857142805,EMA3xEMA9 Bullish,EMA3xEMA21 Bullish,EMA9xEMA21 Bullish,35,33,33
2026-04-10 00:41:00,260.23,260.33,260.16,260.2,5749.0,260.1569941885858,260.0745647746043,259.98331628448733,0.1371428571428461,EMA3xEMA9 Bullish,EMA3xEMA21 Bullish,EMA9xEMA21 Bullish,36,34,34
2026-04-10 00:42:00,260.2,260.21,260.13,260.2,2843.0,260.1784970942929,260.09965181968346,260.0030148040794,0.13642857142856105,EMA3xEMA9 Bullish,EMA3xEMA21 Bullish,EMA9xEMA21 Bullish,37,35,35
2026-04-10 00:43:00,260.16,260.16,260.09,260.11,1331.0,260.14424854714645,260.10172145574677,260.01274073098125,0.1378571428571352,EMA3xEMA9 Bullish,EMA3xEMA21 Bullish,EMA9xEMA21 Bullish,38,36,36
2026-04-10 00:44:00,260.14,260.14,260.04,260.09,2174.0,260.1171242735732,260.0993771645974,260.019764300892,0.13642857142856105,EMA3xEMA9 Bullish,EMA3xEMA21 Bullish,EMA9xEMA21 Bullish,39,37,37
2026-04-10 00:45:00,260.1,260.16,260.07,260.08,1583.0,260.0985621367866,260.0955017316779,260.0252402735382,0.13499999999999496,EMA3xEMA9 Bullish,EMA3xEMA21 Bullish,EMA9xEMA21 Bullish,40,38,38
2026-04-10 00:46:00,260.14,260.15,260.01,260.01,1611.0,260.05428106839327,260.0784013853424,260.0238547941256,0.12714285714285115,EMA3xEMA9 Bearish,EMA3xEMA21 Bullish,EMA9xEMA21 Bullish,41,39,39
2026-04-10 00:47:00,260.02,260.1,259.96,260.03,4210.0,260.0421405341966,260.0687211082739,260.0244134492051,0.13142857142856965,,EMA3xEMA21 Bullish,EMA9xEMA21 Bullish,41,40,40
2026-04-10 00:48:00,260.0,260.045,259.91,259.99,4570.0,260.0160702670983,260.05297688661915,260.0212849538228,0.13749999999999676,,EMA3xEMA21 Bearish,EMA9xEMA21 Bullish,41,41,41
2026-04-10 00:49:00,259.98,260.0,259.9,259.93,1852.0,259.97303513354916,260.02838150929534,260.01298632165714,0.13535714285714157,,,EMA9xEMA21 Bullish,41,41,42
2026-04-10 00:50:00,259.93,259.98,259.89,259.98,4943.0,259.9765175667746,260.01870520743626,260.00998756514286,0.12750000000000178,,,EMA9xEMA21 Bullish,41,41,43
2026-04-10 00:51:00,259.97,260.02,259.91,259.93,2664.0,259.9532587833873,260.00096416594903,260.0027159683117,0.12821428571428278,,,EMA9xEMA21 Bearish,41,41,44
2026-04-10 00:52:00,259.95,259.96,259.87,259.96,856.0,259.95662939169364,259.9927713327592,259.99883269846515,0.12464285714284935,,,,41,41,44
2026-04-10 00:53:00,259.96,260.09,259.95,260.06,1682.0,260.0083146958468,260.0062170662074,260.00439336224105,0.12749999999999367,EMA3xEMA9 Bullish,EMA3xEMA21 Bullish,EMA9xEMA21 Bullish,42,42,45
2026-04-10 00:54:00,260.06,260.12,260.031,260.12,2213.0,260.0641573479234,260.02897365296593,260.01490305658274,0.11314285714285331,EMA3xEMA9 Bullish,EMA3xEMA21 Bullish,EMA9xEMA21 Bullish,43,43,46
2026-04-10 00:55:00,260.13,260.21,260.12,260.16,5769.0,260.1120786739617,260.05517892237276,260.0280936878025,0.10742857142856874,EMA3xEMA9 Bullish,EMA3xEMA21 Bullish,EMA9xEMA21 Bullish,44,44,47
2026-04-10 00:56:00,260.16,260.19,260.1,260.18,2821.0,260.14603933698083,260.08014313789823,260.0419033525477,0.1081428571428538,EMA3xEMA9 Bullish,EMA3xEMA21 Bullish,EMA9xEMA21 Bullish,45,45,48
2026-04-10 00:57:00,260.19,260.26,260.14,260.24,2774.0,260.1930196684904,260.11211451031863,260.05991213867975,0.10885714285713886,EMA3xEMA9 Bullish,EMA3xEMA21 Bullish,EMA9xEMA21 Bullish,46,46,49
2026-04-10 00:58:00,260.22,260.235,260.11,260.14,1969.0,260.1665098342452,260.1176916082549,260.0671928533452,0.11099999999999811,EMA3xEMA9 Bullish,EMA3xEMA21 Bullish,EMA9xEMA21 Bullish,47,47,50
2026-04-10 00:59:00,260.12,260.12,260.01,260.06,1529.0,260.1132549171226,260.10615328660396,260.06653895758654,0.11385714285713837,EMA3xEMA9 Bullish,EMA3xEMA21 Bullish,EMA9xEMA21 Bullish,48,48,51
2026-04-10 01:00:00,260.06,260.11,260.03,260.07,3429.0,260.09162745856133,260.09892262928315,260.06685359780596,0.10957142857142799,EMA3xEMA9 Bearish,EMA3xEMA21 Bullish,EMA9xEMA21 Bullish,49,49,52
2026-04-10 01:01:00,260.09,260.15,260.08,260.11,2531.0,260.1008137292807,260.10113810342654,260.0707759980054,0.10528571428570947,,EMA3xEMA21 Bullish,EMA9xEMA21 Bullish,49,50,53
2026-04-10 01:02:00,260.15,260.31,260.15,260.27,4216.0,260.1854068646403,260.13491048274125,260.088887270914,0.10992857142856646,EMA3xEMA9 Bullish,EMA3xEMA21 Bullish,EMA9xEMA21 Bullish,50,51,54
2026-04-10 01:03:00,260.24,260.29,260.205,260.205,3630.0,260.1952034323201,260.148928386193,260.09944297355815,0.10885714285713886,EMA3xEMA9 Bullish,EMA3xEMA21 Bullish,EMA9xEMA21 Bullish,51,52,55
2026-04-10 01:04:00,260.195,260.3,260.195,260.29,1547.0,260.24260171616004,260.1771427089544,260.1167663395983,0.10992857142856646,EMA3xEMA9 Bullish,EMA3xEMA21 Bullish,EMA9xEMA21 Bullish,52,53,56
2026-04-10 01:05:00,260.3,260.44,260.26,260.42,3801.0,260.33130085808,260.2257141671636,260.14433303599844,0.11492857142857003,EMA3xEMA9 Bullish,EMA3xEMA21 Bullish,EMA9xEMA21 Bullish,53,54,57
2026-04-10 01:06:00,260.4,260.44,260.345,260.4,2677.0,260.36565042904,260.26057133373087,260.1675754872713,0.11528571428571256,EMA3xEMA9 Bullish,EMA3xEMA21 Bullish,EMA9xEMA21 Bullish,54,55,58
2026-04-10 01:07:00,260.41,260.5,260.39,260.445,7872.0,260.40532521451996,260.2974570669847,260.1927958975193,0.11314285714285736,EMA3xEMA9 Bullish,EMA3xEMA21 Bullish,EMA9xEMA21 Bullish,55,56,59
2026-04-10 01:08:00,260.455,260.56,260.42,260.53,13754.0,260.46766260725997,260.34396565358776,260.22345081592664,0.11678571428571363,EMA3xEMA9 Bullish,EMA3xEMA21 Bullish,EMA9xEMA21 Bullish,56,57,60
2026-04-10 01:09:00,260.52,260.54,260.51,260.52,2103.0,260.49383130363,260.3791725228702,260.2504098326606,0.11250000000000325,EMA3xEMA9 Bullish,EMA3xEMA21 Bullish,EMA9xEMA21 Bullish,57,58,61
2026-04-10 01:10:00,260.52,260.56,260.46,260.56,9098.0,260.526915651815,260.41533801829615,260.2785543933278,0.11321428571429237,EMA3xEMA9 Bullish,EMA3xEMA21 Bullish,EMA9xEMA21 Bullish,58,59,62
2026-04-10 01:11:00,260.55,260.59,260.47,260.59,3030.0,260.55845782590745,260.4502704146369,260.306867630298,0.1132142857142883,EMA3xEMA9 Bullish,EMA3xEMA21 Bullish,EMA9xEMA21 Bullish,59,60,63
2026-04-10 01:12:00,260.58,260.6,260.515,260.54,3125.0,260.5492289129537,260.4682163317095,260.3280614820891,0.11000000000000552,EMA3xEMA9 Bullish,EMA3xEMA21 Bullish,EMA9xEMA21 Bullish,60,61,64
2026-04-10 01:13:00,260.56,260.67,260.56,260.63,3420.0,260.58961445647685,260.50057306536763,260.3555104382628,0.11000000000000552,EMA3xEMA9 Bullish,EMA3xEMA21 Bullish,EMA9xEMA21 Bullish,61,62,65
2026-04-10 01:14:00,260.64,260.8,260.64,260.78,8331.0,260.6848072282384,260.5564584522941,260.39410039842073,0.11642857142857517,EMA3xEMA9 Bullish,EMA3xEMA21 Bullish,EMA9xEMA21 Bullish,62,63,66
2026-04-10 01:15:00,260.78,260.84,260.68,260.68,12355.0,260.6824036141192,260.58116676183533,260.4200912712916,0.12214285714285975,EMA3xEMA9 Bullish,EMA3xEMA21 Bullish,EMA9xEMA21 Bullish,63,64,67
2026-04-10 01:16:00,260.68,260.75,260.66,260.74,5527.0,260.71120180705964,260.61293340946827,260.44917388299234,0.1142857142857159,EMA3xEMA9 Bullish,EMA3xEMA21 Bullish,EMA9xEMA21 Bullish,64,65,68
2026-04-10 01:17:00,260.74,260.85,260.73,260.81,8253.0,260.76060090352985,260.65234672757464,260.4819762572657,0.11678571428571363,EMA3xEMA9 Bullish,EMA3xEMA21 Bullish,EMA9xEMA21 Bullish,65,66,69
2026-04-10 01:18:00,260.8,260.85,260.73,260.81,5732.0,260.7853004517649,260.68387738205973,260.51179659751426,0.11785714285714123,EMA3xEMA9 Bullish,EMA3xEMA21 Bullish,EMA9xEMA21 Bullish,66,67,70
2026-04-10 01:19:00,260.81,260.81,260.65,260.68,4955.0,260.7326502258825,260.6831019056478,260.5270878159221,0.1164285714285711,EMA3xEMA9 Bullish,EMA3xEMA21 Bullish,EMA9xEMA21 Bullish,67,68,71
2026-04-10 01:20:00,260.69,261.11,260.66,260.98,44025.0,260.85632511294125,260.74248152451827,260.5682616508382,0.14178571428571526,EMA3xEMA9 Bullish,EMA3xEMA21 Bullish,EMA9xEMA21 Bullish,68,69,72
2026-04-10 01:21:00,260.97,260.97,260.82,260.82,5233.0,260.8381625564706,260.7579852196146,260.59114695530747,0.14535714285714466,EMA3xEMA9 Bullish,EMA3xEMA21 Bullish,EMA9xEMA21 Bullish,69,70,73
2026-04-10 01:22:00,260.82,260.95,260.82,260.93,5051.0,260.88408127823527,260.7923881756917,260.6219517775522,0.14464285714285957,EMA3xEMA9 Bullish,EMA3xEMA21 Bullish,EMA9xEMA21 Bullish,70,71,74
2026-04-10 01:23:00,260.93,260.93,260.72,260.72,6894.0,260.80204063911765,260.7779105405534,260.6308652523202,0.15749999999999886,EMA3xEMA9 Bullish,EMA3xEMA21 Bullish,EMA9xEMA21 Bullish,71,72,75
2026-04-10 01:24:00,260.75,260.84,260.62,260.72,12626.0,260.76102031955884,260.7663284324427,260.63896841120015,0.1660714285714237,EMA3xEMA9 Bearish,EMA3xEMA21 Bullish,EMA9xEMA21 Bullish,72,73,76
2026-04-10 01:25:00,260.73,260.73,260.4,260.4,14400.0,260.5805101597794,260.6930627459542,260.61724401018193,0.18107142857143035,,EMA3xEMA21 Bearish,EMA9xEMA21 Bullish,72,74,77
2026-04-10 01:26:00,260.41,260.49,260.37,260.45,9680.0,260.5152550798897,260.6444501967634,260.6020400092563,0.18357142857142808,,,EMA9xEMA21 Bullish,72,74,78
2026-04-10 01:27:00,260.45,260.59,260.44,260.49,12186.0,260.50262753994485,260.61356015741075,260.5918545538694,0.18499999999999822,,,EMA9xEMA21 Bullish,72,74,79
2026-04-10 01:28:00,260.53,260.56,260.48,260.54,15415.0,260.52131376997244,260.5988481259286,260.5871405035176,0.17857142857142452,,,EMA9xEMA21 Bullish,72,74,80
2026-04-10 01:29:00,260.54,260.59,260.4,260.425,44505.0,260.4731568849862,260.5640785007429,260.5724004577433,0.18071428571428377,,,EMA9xEMA21 Bearish,72,74,81
2026-04-10 19:00:00,259.98,260.53,259.1,259.62,29713.0,260.0465784424931,260.3752628005943,260.4858185979485,0.2764285714285677,,,,72,74,81
2026-04-10 19:01:00,259.63,259.81,259.26,259.28,25214.0,259.66328922124654,260.1562102404755,260.37619872540773,0.3071428571428539,,,,72,74,81
2026-04-10 19:02:00,259.34,259.48,259.08,259.46,17463.0,259.56164461062326,260.01696819238043,260.2929079321888,0.327142857142856,,,,72,74,81
2026-04-10 19:03:00,259.45,259.76,259.315,259.73,9971.0,259.64582230531164,259.95957455390436,260.241734483808,0.3474999999999966,,,,72,74,81
2026-04-10 19:04:00,259.76,259.92,259.62,259.92,11828.0,259.78291115265586,259.95165964312355,260.2124858943709,0.3367857142857125,,,,72,74,81
2026-04-10 19:05:00,259.88,260.33,259.77,260.295,18996.0,260.0389555763279,260.0203277144989,260.21998717670084,0.36535714285713944,EMA3xEMA9 Bullish,,,73,74,81
2026-04-10 19:06:00,260.31,260.57,260.24,260.27,14407.0,260.15447778816394,260.0702621715991,260.2245337970008,0.3796428571428529,EMA3xEMA9 Bullish,,,74,74,81
2026-04-10 19:07:00,260.265,260.28,259.99,260.04,7684.0,260.097238894082,260.06420973727927,260.20775799727346,0.3853571428571375,EMA3xEMA9 Bullish,,,75,74,81
2026-04-10 19:08:00,260.04,260.64,260.0,260.55,15062.0,260.323619447041,260.16136778982343,260.2388709066122,0.41535714285713865,EMA3xEMA9 Bullish,EMA3xEMA21 Bullish,,76,75,81
2026-04-10 19:09:00,260.55,260.58,260.14,260.29,5225.0,260.3068097235205,260.18709423185874,260.24351900601107,0.4232142857142784,EMA3xEMA9 Bullish,EMA3xEMA21 Bullish,,77,76,81
2026-04-10 19:10:00,260.27,260.31,259.91,260.1,5254.0,260.20340486176025,260.16967538548704,260.23047182364644,0.44321428571427646,EMA3xEMA9 Bullish,EMA3xEMA21 Bearish,,78,77,81
2026-04-10 19:11:00,260.15,260.15,259.69,259.69,5358.0,259.9467024308801,260.07374030838963,260.18133802149674,0.46535714285713375,EMA3xEMA9 Bearish,,,79,77,81
2026-04-10 19:12:00,259.69,259.83,259.63,259.78,4582.0,259.86335121544005,260.0149922467117,260.1448527468152,0.47392857142856265,,,,79,77,81
2026-04-10 19:13:00,259.78,259.82,259.69,259.72,5836.0,259.79167560772004,259.9559937973694,260.106229769832,0.4696428571428482,,,,79,77,81
2026-04-10 19:14:00,259.73,259.8,259.66,259.7,4268.0,259.74583780386,259.9047950378955,260.06929979075636,0.3774999999999937,,,,79,77,81
2026-04-10 19:15:00,259.7,259.74,259.52,259.54,6730.0,259.64291890193,259.8318360303164,260.02118162796035,0.3539285714285662,,,,79,77,81
2026-04-10 19:16:00,259.53,259.94,259.52,259.92,8817.0,259.78145945096503,259.84946882425317,260.01198329814576,0.3553571428571364,,,,79,77,81
2026-04-10 19:17:00,259.91,260.04,259.85,259.86,7567.0,259.8207297254825,259.85157505940253,259.998166634678,0.33714285714285097,,,,79,77,81
2026-04-10 19:18:00,259.86,260.08,259.83,259.98,7089.0,259.9003648627413,259.87726004752204,259.9965151224345,0.3335714285714216,EMA3xEMA9 Bullish,,,80,77,81
2026-04-10 19:19:00,259.95,259.95,259.52,259.55,12244.0,259.7251824313706,259.81180803801766,259.95592283857684,0.3264285714285669,EMA3xEMA9 Bearish,,,81,77,81
2026-04-10 19:20:00,259.55,259.77,259.52,259.75,4366.0,259.7375912156853,259.79944643041415,259.9372025805244,0.3207142857142823,,,,81,77,81
2026-04-10 19:21:00,259.82,260.17,259.82,260.08,8273.0,259.90879560784265,259.8555571443313,259.95018416411307,0.33000000000000035,EMA3xEMA9 Bullish,,,82,77,81
2026-04-10 19:22:00,260.07,260.2,260.0,260.17,6622.0,260.03939780392136,259.91844571546505,259.97016742192096,0.29857142857142904,EMA3xEMA9 Bullish,EMA3xEMA21 Bullish,,83,78,81
2026-04-10 19:23:00,260.14,260.35,260.115,260.31,7056.0,260.1746989019607,259.9967565723721,260.00106129265544,0.28392857142857303,EMA3xEMA9 Bullish,EMA3xEMA21 Bullish,,84,79,81
2026-04-10 19:24:00,260.3,260.43,260.21,260.39,4223.0,260.28234945098035,260.07540525789767,260.03641935695947,0.2710714285714338,EMA3xEMA9 Bullish,EMA3xEMA21 Bullish,EMA9xEMA21 Bullish,85,80,82
2026-04-10 19:25:00,260.37,260.53,260.31,260.45,6638.0,260.36617472549017,260.15032420631815,260.07401759723587,0.253928571428576,EMA3xEMA9 Bullish,EMA3xEMA21 Bullish,EMA9xEMA21 Bullish,86,81,83
2026-04-10 19:26:00,260.44,260.56,260.38,260.55,5334.0,260.4580873627451,260.2302593650545,260.1172887247599,0.25250000000000583,EMA3xEMA9 Bullish,EMA3xEMA21 Bullish,EMA9xEMA21 Bullish,87,82,84
2026-04-10 19:27:00,260.54,260.72,260.49,260.49,9972.0,260.47404368137256,260.2822074920436,260.1511715679635,0.2596428571428646,EMA3xEMA9 Bullish,EMA3xEMA21 Bullish,EMA9xEMA21 Bullish,88,83,85
2026-04-10 19:28:00,260.48,260.5,260.32,260.38,6769.0,260.4270218406863,260.3017659936349,260.1719741526941,0.26250000000000895,EMA3xEMA9 Bullish,EMA3xEMA21 Bullish,EMA9xEMA21 Bullish,89,84,86
2026-04-10 19:29:00,260.38,260.42,260.26,260.34,2886.0,260.38351092034316,260.3094127949079,260.1872492297219,0.2582142857142945,EMA3xEMA9 Bullish,EMA3xEMA21 Bullish,EMA9xEMA21 Bullish,90,85,87
2026-04-10 19:30:00,260.32,260.34,260.19,260.24,2774.0,260.3117554601716,260.2955302359263,260.1920447542926,0.23892857142857743,EMA3xEMA9 Bullish,EMA3xEMA21 Bullish,EMA9xEMA21 Bullish,91,86,88
2026-04-10 19:31:00,260.235,260.48,260.2,260.44,3484.0,260.3758777300858,260.3244241887411,260.214586140266,0.24535714285715113,EMA3xEMA9 Bullish,EMA3xEMA21 Bullish,EMA9xEMA21 Bullish,92,87,89
2026-04-10 19:32:00,260.46,260.87,260.46,260.87,13251.0,260.6229388650429,260.4335393509929,260.27416921842365,0.2582142857142945,EMA3xEMA9 Bullish,EMA3xEMA21 Bullish,EMA9xEMA21 Bullish,93,88,90
2026-04-10 19:33:00,260.84,261.015,260.77,260.87,15531.0,260.74646943252145,260.5208314807943,260.3283356531124,0.24285714285714935,EMA3xEMA9 Bullish,EMA3xEMA21 Bullish,EMA9xEMA21 Bullish,94,89,91
2026-04-10 19:34:00,260.87,261.31,260.85,261.2,17025.0,260.9732347162607,260.6566651846355,260.4075778664658,0.2578571428571479,EMA3xEMA9 Bullish,EMA3xEMA21 Bullish,EMA9xEMA21 Bullish,95,90,92
2026-04-10 19:35:00,261.19,261.19,261.03,261.16,10111.0,261.0666173581304,260.7573321477084,260.47597987860524,0.24000000000000504,EMA3xEMA9 Bullish,EMA3xEMA21 Bullish,EMA9xEMA21 Bullish,96,91,93
2026-04-10 19:36:00,261.18,261.28,261.06,261.06,11689.0,261.0633086790652,260.81786571816673,260.5290726169139,0.24142857142857516,EMA3xEMA9 Bullish,EMA3xEMA21 Bullish,EMA9xEMA21 Bullish,97,92,94
2026-04-10 19:37:00,261.07,261.07,260.91,260.94,5305.0,261.0016543395326,260.8422925745334,260.5664296517399,0.23607142857142907,EMA3xEMA9 Bullish,EMA3xEMA21 Bullish,EMA9xEMA21 Bullish,98,93,95
2026-04-10 19:38:00,260.94,261.0,260.84,260.89,6417.0,260.9458271697663,260.85183405962675,260.59584513794533,0.23178571428571462,EMA3xEMA9 Bullish,EMA3xEMA21 Bullish,EMA9xEMA21 Bullish,99,94,96
2026-04-10 19:39:00,260.89,261.11,260.83,261.09,7760.0,261.0179135848831,260.8994672477014,260.640768307223,0.23607142857143312,EMA3xEMA9 Bullish,EMA3xEMA21 Bullish,EMA9xEMA21 Bullish,100,95,97
2026-04-10 19:40:00,261.12,261.23,261.05,261.16,4686.0,261.08895679244154,260.9515737981612,260.68797118838455,0.23607142857143312,EMA3xEMA9 Bullish,EMA3xEMA21 Bullish,EMA9xEMA21 Bullish,101,96,98
2026-04-10 19:41:00,261.18,261.4,261.17,261.39,3664.0,261.23947839622076,261.03925903852894,260.7517919894405,0.23678571428571413,EMA3xEMA9 Bullish,EMA3xEMA21 Bullish,EMA9xEMA21 Bullish,102,97,99
2026-04-10 19:42:00,261.4,261.48,261.21,261.28,8847.0,261.25973919811037,261.08740723082315,260.7998108994914,0.24321428571428783,EMA3xEMA9 Bullish,EMA3xEMA21 Bullish,EMA9xEMA21 Bullish,103,98,100
2026-04-10 19:43:00,261.23,261.57,261.22,261.515,26108.0,261.3873695990552,261.17292578465856,260.8648280904467,0.2567857142857122,EMA3xEMA9 Bullish,EMA3xEMA21 Bullish,EMA9xEMA21 Bullish,104,99,101
2026-04-10 19:44:00,261.52,261.62,261.48,261.56,10660.0,261.47368479952763,261.25034062772687,260.92802553676967,0.2560714285714271,EMA3xEMA9 Bullish,EMA3xEMA21 Bullish,EMA9xEMA21 Bullish,105,100,102
2026-04-10 19:45:00,261.63,261.77,261.58,261.74,8888.0,261.6068423997638,261.3482725021815,261.00184139706334,0.25107142857142356,EMA3xEMA9 Bullish,EMA3xEMA21 Bullish,EMA9xEMA21 Bullish,106,101,103
2026-04-10 19:46:00,261.75,261.83,261.66,261.66,7494.0,261.6334211998819,261.4106180017452,261.06167399733033,0.23249999999999155,EMA3xEMA9 Bullish,EMA3xEMA21 Bullish,EMA9xEMA21 Bullish,107,102,104
2026-04-10 19:47:00,261.67,261.67,261.52,261.535,3118.0,261.584210599941,261.43549440139617,261.10470363393665,0.22571428571427937,EMA3xEMA9 Bullish,EMA3xEMA21 Bullish,EMA9xEMA21 Bullish,108,103,105
2026-04-10 19:48:00,261.53,261.65,261.53,261.62,2062.0,261.6021052999705,261.47239552111694,261.15154875812425,0.20142857142856688,EMA3xEMA9 Bullish,EMA3xEMA21 Bullish,EMA9xEMA21 Bullish,109,104,106
2026-04-10 19:49:00,261.65,261.69,261.56,261.67,7326.0,261.63605264998523,261.51191641689354,261.19868068920385,0.19857142857142257,EMA3xEMA9 Bullish,EMA3xEMA21 Bullish,EMA9xEMA21 Bullish,110,105,107
2026-04-10 19:50:00,261.67,261.68,261.45,261.46,3782.0,261.54802632499263,261.50153313351484,261.2224369901853,0.19928571428571168,EMA3xEMA9 Bullish,EMA3xEMA21 Bullish,EMA9xEMA21 Bullish,111,106,108
2026-04-10 19:51:00,261.44,261.5,261.35,261.5,5711.0,261.5240131624963,261.50122650681186,261.24766999107754,0.19857142857142662,EMA3xEMA9 Bullish,EMA3xEMA21 Bullish,EMA9xEMA21 Bullish,112,107,109
2026-04-10 19:52:00,261.5,261.555,261.46,261.5,6559.0,261.51200658124816,261.5009812054495,261.27060908279776,0.19392857142856965,EMA3xEMA9 Bullish,EMA3xEMA21 Bullish,EMA9xEMA21 Bullish,113,108,110
2026-04-10 19:53:00,261.5,261.5,261.23,261.35,5650.0,261.43100329062406,261.4707849643596,261.277826438907,0.1932142857142805,EMA3xEMA9 Bearish,EMA3xEMA21 Bullish,EMA9xEMA21 Bullish,114,109,111
2026-04-10 19:54:00,261.35,261.44,261.33,261.43,1853.0,261.430501645312,261.4626279714877,261.2916603990064,0.188214285714281,,EMA3xEMA21 Bullish,EMA9xEMA21 Bullish,114,110,112
2026-04-10 19:55:00,261.44,261.56,261.44,261.54,5557.0,261.485250822656,261.47810237719017,261.3142367263694,0.18035714285714124,EMA3xEMA9 Bullish,EMA3xEMA21 Bullish,EMA9xEMA21 Bullish,115,111,113
2026-04-10 19:56:00,261.535,261.71,261.43,261.7,6516.0,261.59262541132796,261.52248190175214,261.3493061148813,0.18107142857142225,EMA3xEMA9 Bullish,EMA3xEMA21 Bullish,EMA9xEMA21 Bullish,116,112,114
2026-04-10 19:57:00,261.72,261.75,261.54,261.62,7359.0,261.606312705664,261.5419855214017,261.3739146498921,0.1710714285714232,EMA3xEMA9 Bullish,EMA3xEMA21 Bullish,EMA9xEMA21 Bullish,117,113,115
2026-04-10 19:58:00,261.61,261.65,261.52,261.63,3609.0,261.618156352832,261.5595884171214,261.3971951362655,0.17035714285713816,EMA3xEMA9 Bullish,EMA3xEMA21 Bullish,EMA9xEMA21 Bullish,118,114,116
2026-04-10 19:59:00,261.63,261.63,261.5,261.55,8428.0,261.584078176416,261.55767073369714,261.41108648751407,0.16464285714285357,EMA3xEMA9 Bullish,EMA3xEMA21 Bullish,EMA9xEMA21 Bullish,119,115,117
2026-04-10 20:00:00,261.57,261.71,261.5,261.66,5622.0,261.622039088208,261.5781365869577,261.43371498864917,0.1674999999999979,EMA3xEMA9 Bullish,EMA3xEMA21 Bullish,EMA9xEMA21 Bullish,120,116,118
2026-04-10 20:01:00,261.65,261.69,261.57,261.605,5813.0,261.613519544104,261.5835092695662,261.44928635331746,0.16535714285713862,EMA3xEMA9 Bullish,EMA3xEMA21 Bullish,EMA9xEMA21 Bullish,121,117,119
2026-04-10 20:02:00,261.6,261.63,261.42,261.5,15775.0,261.55675977205203,261.566807415653,261.45389668483404,0.17178571428570827,EMA3xEMA9 Bearish,EMA3xEMA21 Bullish,EMA9xEMA21 Bullish,122,118,120
2026-04-10 20:03:00,261.5,261.67,261.49,261.56,3969.0,261.55837988602605,261.5654459325224,261.4635424407582,0.17535714285713766,,EMA3xEMA21 Bullish,EMA9xEMA21 Bullish,122,119,121
2026-04-10 20:04:00,261.56,261.77,261.55,261.76,4775.0,261.659189943013,261.6043567460179,261.490493127962,0.17464285714284852,EMA3xEMA9 Bullish,EMA3xEMA21 Bullish,EMA9xEMA21 Bullish,123,120,122
2026-04-10 20:05:00,261.765,262.02,261.72,261.83,27437.0,261.7445949715065,261.6494853968143,261.52135738905633,0.18535714285713262,EMA3xEMA9 Bullish,EMA3xEMA21 Bullish,EMA9xEMA21 Bullish,124,121,123
2026-04-10 20:06:00,261.84,262.09,261.84,262.02,5378.0,261.88229748575327,261.72358831745146,261.56668853550576,0.19714285714284432,EMA3xEMA9 Bullish,EMA3xEMA21 Bullish,EMA9xEMA21 Bullish,125,122,124
2026-04-10 20:07:00,262.01,262.02,261.74,261.8,5742.0,261.8411487428766,261.73887065396116,261.58789866864157,0.19785714285712938,EMA3xEMA9 Bullish,EMA3xEMA21 Bullish,EMA9xEMA21 Bullish,126,123,125
2026-04-10 20:08:00,261.79,261.92,261.75,261.92,6672.0,261.88057437143834,261.77509652316894,261.61808969876506,0.20214285714284383,EMA3xEMA9 Bullish,EMA3xEMA21 Bullish,EMA9xEMA21 Bullish,127,124,126
2026-04-10 20:09:00,261.92,262.03,261.92,261.98,4808.0,261.9302871857192,261.81607721853516,261.650990635241,0.20071428571426964,EMA3xEMA9 Bullish,EMA3xEMA21 Bullish,EMA9xEMA21 Bullish,128,125,127
2026-04-10 20:10:00,261.96,261.975,261.59,261.59,6012.0,261.76014359285955,261.7708617748281,261.6454460320372,0.20857142857141753,EMA3xEMA9 Bearish,EMA3xEMA21 Bullish,EMA9xEMA21 Bullish,129,126,128
2026-04-10 20:11:00,261.58,261.73,261.51,261.72,2845.0,261.7400717964298,261.7606894198625,261.6522236654884,0.20928571428570666,,EMA3xEMA21 Bullish,EMA9xEMA21 Bullish,129,127,129
2026-04-10 20:12:00,261.74,261.92,261.6,261.6,5005.0,261.6700358982149,261.72855153589,261.64747605953494,0.22285714285713507,,EMA3xEMA21 Bullish,EMA9xEMA21 Bullish,129,128,130
2026-04-10 20:13:00,261.64,261.82,261.59,261.62,4013.0,261.64501794910746,261.706841228712,261.64497823594087,0.22999999999999382,,EMA3xEMA21 Bullish,EMA9xEMA21 Bullish,129,129,131
2026-04-10 20:14:00,261.6,261.66,261.45,261.62,12096.0,261.63250897455373,261.6894729829696,261.64270748721896,0.2299999999999979,,EMA3xEMA21 Bearish,EMA9xEMA21 Bullish,129,130,132
2026-04-10 20:15:00,261.65,261.71,261.54,261.7,3437.0,261.6662544872769,261.6915783863757,261.64791589747176,0.2335714285714232,,EMA3xEMA21 Bullish,EMA9xEMA21 Bullish,129,131,133
2026-04-10 20:16:00,261.72,261.86,261.72,261.79,3732.0,261.7281272436385,261.71126270910054,261.66083263406523,0.2299999999999979,EMA3xEMA9 Bullish,EMA3xEMA21 Bullish,EMA9xEMA21 Bullish,130,132,134
2026-04-10 20:17:00,261.79,261.93,261.76,261.93,3165.0,261.8290636218193,261.75501016728043,261.6853023946047,0.22928571428571282,EMA3xEMA9 Bullish,EMA3xEMA21 Bullish,EMA9xEMA21 Bullish,131,133,135
2026-04-10 20:18:00,261.92,261.92,261.75,261.75,3980.0,261.78953181090964,261.75400813382436,261.6911839950952,0.22642857142857256,EMA3xEMA9 Bullish,EMA3xEMA21 Bullish,EMA9xEMA21 Bullish,132,134,136
2026-04-10 20:19:00,261.75,261.95,261.71,261.79,3995.0,261.78976590545483,261.7612065070595,261.70016726826833,0.22214285714286217,EMA3xEMA9 Bullish,EMA3xEMA21 Bullish,EMA9xEMA21 Bullish,133,135,137
2026-04-10 20:20:00,261.8,262.06,261.8,262.03,5122.0,261.9098829527274,261.81496520564764,261.73015206206213,0.22285714285714725,EMA3xEMA9 Bullish,EMA3xEMA21 Bullish,EMA9xEMA21 Bullish,134,136,138
2026-04-10 20:21:00,262.02,262.18,261.97,261.99,7619.0,261.94994147636373,261.84997216451814,261.7537746018747,0.21785714285714772,EMA3xEMA9 Bullish,EMA3xEMA21 Bullish,EMA9xEMA21 Bullish,135,137,139
2026-04-10 20:22:00,261.99,262.03,261.86,262.03,4167.0,261.98997073818185,261.8859777316145,261.7788860017043,0.21785714285714367,EMA3xEMA9 Bullish,EMA3xEMA21 Bullish,EMA9xEMA21 Bullish,136,138,140
2026-04-10 20:23:00,262.02,262.04,261.78,261.78,2294.0,261.88498536909094,261.8647821852916,261.77898727427663,0.2285714285714359,EMA3xEMA9 Bullish,EMA3xEMA21 Bullish,EMA9xEMA21 Bullish,137,139,141
2026-04-10 20:24:00,261.76,261.88,261.75,261.81,2419.0,261.8474926845455,261.8538257482333,261.78180661297876,0.2100000000000039,EMA3xEMA9 Bearish,EMA3xEMA21 Bullish,EMA9xEMA21 Bullish,138,140,142
2026-04-10 20:25:00,261.8,261.8,261.66,261.71,2315.0,261.7787463422727,261.8250605985867,261.7752787390716,0.20500000000000032,,EMA3xEMA21 Bullish,EMA9xEMA21 Bullish,138,141,143
2026-04-10 20:26:00,261.73,261.85,261.72,261.83,2764.0,261.8043731711364,261.8260484788693,261.780253399156,0.19214285714286103,,EMA3xEMA21 Bullish,EMA9xEMA21 Bullish,138,142,144
2026-04-10 20:27:00,261.84,261.9,261.78,261.86,3864.0,261.8321865855682,261.8328387830955,261.7875030901418,0.18428571428571722,,EMA3xEMA21 Bullish,EMA9xEMA21 Bullish,138,143,145
2026-04-10 20:28:00,261.88,261.88,261.78,261.78,2395.0,261.8060932927841,261.8222710264764,261.786820991038,0.17642857142857338,,EMA3xEMA21 Bullish,EMA9xEMA21 Bullish,138,144,146
2026-04-10 20:29:00,261.77,261.77,261.65,261.74,5580.0,261.77304664639206,261.80581682118117,261.7825645373073,0.17357142857143312,,EMA3xEMA21 Bearish,EMA9xEMA21 Bullish,138,145,147
2026-04-10 20:30:00,261.75,261.75,261.44,261.47,13534.0,261.621523323196,261.7386534569449,261.7541495793702,0.18428571428571722,,,EMA9xEMA21 Bearish,138,145,148
2026-04-10 20:31:00,261.49,261.54,261.36,261.41,6186.0,261.51576166159805,261.672922765556,261.72286325397295,0.18500000000000227,,,,138,145,148
2026-04-10 20:32:00,261.4,261.42,261.25,261.3,3814.0,261.40788083079906,261.5983382124448,261.6844211399754,0.18428571428571722,,,,138,145,148
2026-04-10 20:33:00,261.28,261.35,261.27,261.31,4548.0,261.3589404153995,261.54067056995586,261.6503828545231,0.17285714285714807,,,,138,145,148
2026-04-10 20:34:00,261.33,261.37,261.24,261.36,17639.0,261.35947020769976,261.5045364559647,261.62398441320283,0.16285714285714903,,,,138,145,148
2026-04-10 20:35:00,261.37,261.42,261.33,261.35,1716.0,261.35473510384986,261.47362916477175,261.5990767392753,0.15428571428572418,,,,138,145,148
2026-04-10 20:36:00,261.36,261.52,261.35,261.5,1809.0,261.42736755192493,261.47890333181743,261.5900697629775,0.15428571428572418,,,,138,145,148
2026-04-10 20:37:00,261.5,261.5,261.3,261.3,3730.0,261.3636837759625,261.443122665454,261.563699784525,0.15000000000000568,,,,138,145,148
2026-04-10 20:38:00,261.3,261.32,261.17,261.19,3995.0,261.2768418879813,261.3924981323632,261.5297270768409,0.15142857142857583,,,,138,145,148
2026-04-10 20:39:00,261.2,261.25,261.15,261.2,4702.0,261.2384209439906,261.35399850589056,261.49975188803717,0.1478571428571505,,,,138,145,148
2026-04-10 20:40:00,261.23,261.3,261.19,261.27,2363.0,261.2542104719953,261.33719880471244,261.4788653527611,0.14571428571429124,,,,138,145,148
2026-04-10 20:41:00,261.26,261.42,261.26,261.42,3404.0,261.3371052359977,261.35375904376997,261.4735139570555,0.14857142857143554,,,,138,145,148
2026-04-10 20:42:00,261.45,261.63,261.39,261.58,10824.0,261.45855261799886,261.39900723501603,261.48319450641407,0.15857142857143458,EMA3xEMA9 Bullish,,,139,145,148
2026-04-10 20:43:00,261.58,261.63,261.49,261.57,11015.0,261.51427630899946,261.43320578801286,261.4910859149219,0.15928571428571964,EMA3xEMA9 Bullish,EMA3xEMA21 Bullish,,140,146,148
2026-04-10 20:44:00,261.57,261.67,261.56,261.67,1869.0,261.5921381544997,261.4805646304103,261.50735083174715,0.14500000000000618,EMA3xEMA9 Bullish,EMA3xEMA21 Bullish,,141,147,148
2026-04-10 20:45:00,261.67,261.82,261.64,261.66,4387.0,261.6260690772499,261.51645170432823,261.52122802886106,0.14500000000000618,EMA3xEMA9 Bullish,EMA3xEMA21 Bullish,,142,148,148
2026-04-10 20:46:00,261.66,261.71,261.62,261.68,1115.0,261.653034538625,261.5491613634626,261.53566184441917,0.13928571428571754,EMA3xEMA9 Bullish,EMA3xEMA21 Bullish,EMA9xEMA21 Bullish,143,149,149
2026-04-10 20:47:00,261.65,261.77,261.59,261.77,3751.0,261.7115172693125,261.59332909077006,261.5569653131083,0.14642857142857224,EMA3xEMA9 Bullish,EMA3xEMA21 Bullish,EMA9xEMA21 Bullish,144,150,150
2026-04-10 20:48:00,261.74,261.76,261.66,261.73,3355.0,261.72075863465625,261.62066327261607,261.5726957391894,0.14499999999999805,EMA3xEMA9 Bullish,EMA3xEMA21 Bullish,EMA9xEMA21 Bullish,145,151,151
2026-04-10 20:49:00,261.71,261.71,261.37,261.37,2751.0,261.5453793173281,261.5705306180929,261.55426885380854,0.16428571428571104,EMA3xEMA9 Bearish,EMA3xEMA21 Bearish,EMA9xEMA21 Bullish,146,152,152
2026-04-10 20:50:00,261.36,261.47,261.25,261.47,4029.0,261.50768965866405,261.5504244944743,261.5466080489168,0.16785714285714448,,,EMA9xEMA21 Bullish,146,152,153
2026-04-10 20:51:00,261.44,261.6,261.41,261.57,2037.0,261.538844829332,261.5543395955795,261.5487345899244,0.16714285714285942,,,EMA9xEMA21 Bullish,146,152,154
2026-04-10 20:52:00,261.55,261.55,261.36,261.42,3094.0,261.47942241466603,261.5274716764636,261.53703144538576,0.17142857142857387,,,EMA9xEMA21 Bearish,146,152,155
2026-04-10 20:53:00,261.42,261.52,261.41,261.52,7575.0,261.499711207333,261.5259773411709,261.53548313216885,0.17214285714285488,,,,146,152,155
2026-04-10 20:54:00,261.54,261.58,261.48,261.54,4587.0,261.51985560366654,261.52878187293675,261.5358937565171,0.17142857142856574,,,,146,152,155
2026-04-10 20:55:00,261.54,261.54,261.34,261.4,4533.0,261.45992780183326,261.5030254983494,261.5235397786519,0.17428571428571007,,,,146,152,155
2026-04-10 20:56:00,261.4,261.4,261.32,261.35,2906.0,261.40496390091664,261.47242039867956,261.5077634351381,0.16285714285713684,,,,146,152,155
2026-04-10 20:57:00,261.32,261.46,261.32,261.46,3087.0,261.4324819504583,261.46993631894367,261.50342130467095,0.16285714285713684,,,,146,152,155
2026-04-10 20:58:00,261.47,261.47,261.39,261.44,1348.0,261.4362409752291,261.46394905515496,261.49765573151905,0.16071428571428165,,,,146,152,155
2026-04-10 20:59:00,261.41,261.41,261.25,261.32,3367.0,261.3781204876145,261.43515924412395,261.4815052104719,0.16142857142856673,,,,146,152,155
2026-04-10 21:00:00,261.35,261.425,261.35,261.36,1259.0,261.36906024380727,261.4201273952992,261.47045928224713,0.16249999999999837,,,,146,152,155
2026-04-10 21:01:00,261.37,261.41,261.19,261.275,5037.0,261.3220301219036,261.39110191623934,261.4526902565883,0.1653571428571427,,,,146,152,155
2026-04-10 21:02:00,261.25,261.36,261.24,261.36,1771.0,261.3410150609518,261.38488153299147,261.44426386962573,0.1660714285714318,,,,146,152,155
2026-04-10 21:03:00,261.36,261.42,261.32,261.33,1990.0,261.33550753047587,261.3739052263932,261.4338762451143,0.1475000000000039,,,,146,152,155
2026-04-10 21:04:00,261.31,261.4,261.29,261.37,2579.0,261.35275376523794,261.3731241811146,261.42806931374025,0.13964285714285601,,,,146,152,155
2026-04-10 21:05:00,261.36,261.52,261.36,261.45,1883.0,261.40137688261893,261.38849934489167,261.43006301249113,0.13749999999999676,EMA3xEMA9 Bullish,,,147,152,155
2026-04-10 21:06:00,261.46,261.57,261.45,261.53,6434.0,261.46568844130945,261.41679947591336,261.43914819317376,0.13107142857142712,EMA3xEMA9 Bullish,EMA3xEMA21 Bullish,,148,153,155
2026-04-10 21:07:00,261.51,261.52,261.27,261.35,6891.0,261.40784422065474,261.4034395807307,261.43104381197617,0.14178571428571526,EMA3xEMA9 Bullish,EMA3xEMA21 Bearish,,149,154,155
2026-04-10 21:08:00,261.36,261.36,261.25,261.33,4510.0,261.3689221103274,261.3887516645846,261.42185801088743,0.14250000000000437,EMA3xEMA9 Bearish,,,150,154,155
2026-04-10 21:09:00,261.32,261.37,261.2,261.22,2941.0,261.2944610551637,261.3550013316677,261.4035072826249,0.14035714285714512,,,,150,154,155
2026-04-10 21:10:00,261.24,261.26,261.17,261.24,4707.0,261.2672305275819,261.33200106533417,261.38864298420447,0.1410714285714302,,,,150,154,155
2026-04-10 21:11:00,261.27,261.44,261.27,261.44,2032.0,261.35361526379097,261.35360085226733,261.39331180382226,0.14535714285714466,EMA3xEMA9 Bullish,,,151,154,155
2026-04-10 21:12:00,261.44,261.56,261.41,261.53,2618.0,261.4418076318955,261.3888806818139,261.40573800347477,0.1503571428571401,EMA3xEMA9 Bullish,EMA3xEMA21 Bullish,,152,155,155
2026-04-10 21:13:00,261.52,261.58,261.5,261.58,1970.0,261.5109038159477,261.42710454545113,261.42158000315885,0.14249999999999627,EMA3xEMA9 Bullish,EMA3xEMA21 Bullish,EMA9xEMA21 Bullish,153,156,156
2026-04-10 21:14:00,261.57,261.6,261.53,261.53,1745.0,261.52045190797384,261.4476836363609,261.431436366508,0.13999999999999854,EMA3xEMA9 Bullish,EMA3xEMA21 Bullish,EMA9xEMA21 Bullish,154,157,157
2026-04-10 21:15:00,261.52,261.6,261.505,261.56,2628.0,261.5402259539869,261.4701469090887,261.44312396955274,0.13107142857142712,EMA3xEMA9 Bullish,EMA3xEMA21 Bullish,EMA9xEMA21 Bullish,155,158,158
2026-04-10 21:16:00,261.52,261.66,261.52,261.59,1460.0,261.5651129769934,261.494117527271,261.456476335957,0.1325000000000013,EMA3xEMA9 Bullish,EMA3xEMA21 Bullish,EMA9xEMA21 Bullish,156,159,159
2026-04-10 21:17:00,261.56,261.74,261.51,261.72,10611.0,261.6425564884967,261.53929402181683,261.4804330326882,0.14178571428571526,EMA3xEMA9 Bullish,EMA3xEMA21 Bullish,EMA9xEMA21 Bullish,157,160,160
2026-04-10 21:18:00,261.74,261.75,261.62,261.7,4592.0,261.67127824424836,261.5714352174535,261.5003936660802,0.14321428571428946,EMA3xEMA9 Bullish,EMA3xEMA21 Bullish,EMA9xEMA21 Bullish,158,161,161
2026-04-10 21:19:00,261.72,261.72,261.6,261.62,2095.0,261.6456391221242,261.5811481739628,261.5112669691638,0.1403571428571492,EMA3xEMA9 Bullish,EMA3xEMA21 Bullish,EMA9xEMA21 Bullish,159,162,162
2026-04-10 21:20:00,261.61,261.63,261.23,261.51,5554.0,261.5778195610621,261.5669185391703,261.51115179014886,0.16035714285714725,EMA3xEMA9 Bullish,EMA3xEMA21 Bullish,EMA9xEMA21 Bullish,160,163,163
2026-04-10 21:21:00,261.53,261.53,261.41,261.41,2278.0,261.49390978053106,261.53553483133624,261.5019561728626,0.15035714285714416,EMA3xEMA9 Bearish,EMA3xEMA21 Bearish,EMA9xEMA21 Bullish,161,164,164
2026-04-10 21:22:00,261.44,261.5,261.43,261.43,1561.0,261.46195489026553,261.514427865069,261.4954147026024,0.14892857142856997,,,EMA9xEMA21 Bullish,161,164,165
2026-04-10 21:23:00,261.43,261.43,261.19,261.19,8672.0,261.32597744513276,261.44954229205524,261.4676497296385,0.15392857142856947,,,EMA9xEMA21 Bearish,161,164,166
2026-04-10 21:24:00,261.18,261.18,260.83,260.87,24929.0,261.09798872256636,261.33363383364417,261.41331793603496,0.17321428571428651,,,,161,164,166
2026-04-10 21:25:00,260.88,260.91,260.75,260.89,3145.0,260.99399436128317,261.24490706691535,261.3657435782136,0.17035714285714626,,,,161,164,166
2026-04-10 21:26:00,260.9,260.9,260.81,260.87,2446.0,260.9319971806416,261.1699256535323,261.32067598019415,0.1660714285714318,,,,161,164,166
2026-04-10 21:27:00,260.88,260.9,260.81,260.84,3059.0,260.8859985903208,261.10394052282584,261.2769781638128,0.1667857142857169,,,,161,164,166
2026-04-10 21:28:00,260.87,260.98,260.86,260.9,2255.0,260.8929992951604,261.0631524182607,261.242707421648,0.1717857142857164,,,,161,164,166
2026-04-10 21:29:00,260.88,260.935,260.79,260.87,2229.0,260.8814996475802,261.0245219346086,261.20882492877087,0.1753571428571417,,,,161,164,166
2026-04-10 21:30:00,260.895,260.91,260.82,260.9,1943.0,260.8907498237901,260.99961754768685,261.18074993524624,0.17178571428571235,,,,161,164,166
2026-04-10 21:31:00,260.91,260.95,260.82,260.85,4851.0,260.87037491189506,260.9696940381495,261.15068175931475,0.16464285714285357,,,,161,164,166
2026-04-10 21:32:00,260.84,260.86,260.76,260.84,2163.0,260.85518745594754,260.9437552305196,261.1224379630134,0.16249999999999837,,,,161,164,166
2026-04-10 21:33:00,260.85,260.86,260.78,260.82,1619.0,260.83759372797374,260.9190041844157,261.0949436027394,0.1596428571428581,,,,161,164,166
2026-04-10 21:34:00,260.81,260.81,260.66,260.68,3836.0,260.75879686398684,260.87120334753257,261.05722145703584,0.14250000000000032,,,,161,164,166
2026-04-10 21:35:00,260.68,260.76,260.56,260.58,6100.0,260.6693984319934,260.81296267802605,261.0138376882144,0.14821428571428896,,,,161,164,166
2026-04-10 21:36:00,260.59,260.64,260.55,260.63,2038.0,260.6496992159967,260.7763701424209,260.97894335292216,0.14821428571428896,,,,161,164,166
2026-04-10 21:37:00,260.63,260.77,260.63,260.77,3644.0,260.7098496079983,260.7750961139367,260.9599485026565,0.1410714285714302,,,,161,164,166
2026-04-10 21:38:00,260.76,260.81,260.74,260.78,2929.0,260.74492480399914,260.77607689114933,260.9435895478695,0.12035714285714302,,,,161,164,166
2026-04-10 21:39:00,260.77,260.83,260.74,260.75,5767.0,260.74746240199954,260.7708615129195,260.9259904980632,0.11535714285713945,,,,161,164,166
2026-04-10 21:40:00,260.74,260.86,260.74,260.86,1980.0,260.8037312009998,260.78868921033563,260.9199913618756,0.1174999999999987,EMA3xEMA9 Bullish,,,162,164,166
2026-04-10 21:41:00,260.86,261.04,260.86,260.97,9153.0,260.8868656004999,260.8249513682685,260.9245376017051,0.1239285714285724,EMA3xEMA9 Bullish,,,163,164,166
2026-04-10 21:42:00,261.01,261.01,260.75,260.76,2894.0,260.82343280025,260.8119610946148,260.9095796379137,0.13249999999999723,EMA3xEMA9 Bullish,,,164,164,166
2026-04-10 21:43:00,260.79,260.91,260.79,260.9,1827.0,260.861716400125,260.82956887569185,260.90870876173966,0.13285714285714384,EMA3xEMA9 Bullish,,,165,164,166
2026-04-10 21:44:00,260.91,260.92,260.85,260.895,2403.0,260.8783582000625,260.8426551005535,260.9074625106724,0.13142857142856965,EMA3xEMA9 Bullish,,,166,164,166
2026-04-10 21:45:00,260.88,260.97,260.85,260.89,2752.0,260.88417910003125,260.85212408044276,260.9058750097022,0.1307142857142846,EMA3xEMA9 Bullish,,,167,164,166
2026-04-10 21:46:00,260.91,260.91,260.82,260.84,2431.0,260.86208955001564,260.84969926435423,260.89988637245654,0.1299999999999995,EMA3xEMA9 Bullish,,,168,164,166
2026-04-10 21:47:00,260.84,260.86,260.69,260.74,4127.0,260.8010447750078,260.8277594114834,260.88535124768777,0.13642857142856915,EMA3xEMA9 Bearish,,,169,164,166
2026-04-10 21:48:00,260.75,260.76,260.64,260.71,4497.0,260.7555223875039,260.8042075291867,260.86941022517067,0.1335714285714289,,,,169,164,166
2026-04-10 21:49:00,260.73,260.8,260.7,260.7,1738.0,260.7277611937519,260.7833660233494,260.85400929560967,0.1264285714285742,,,,169,164,166
2026-04-10 21:50:00,260.69,260.69,260.54,260.56,6950.0,260.643880596876,260.73869281867957,260.827281177827,0.1314285714285737,,,,169,164,166
2026-04-10 21:51:00,260.59,260.68,260.59,260.63,7171.0,260.636940298438,260.71695425494363,260.80934652529726,0.13000000000000358,,,,169,164,166
2026-04-10 21:52:00,260.62,260.66,260.53,260.59,2452.0,260.613470149219,260.6915634039549,260.7894059320884,0.13428571428572209,,,,169,164,166
2026-04-10 21:53:00,260.58,260.74,260.58,260.74,2061.0,260.6767350746095,260.7012507231639,260.7849144837167,0.13928571428572564,,,,169,164,166
2026-04-10 21:54:00,260.73,260.74,260.67,260.72,2468.0,260.69836753730476,260.70500057853116,260.7790131670152,0.13571428571429628,,,,169,164,166
2026-04-10 21:55:00,260.71,260.71,260.61,260.63,2902.0,260.6641837686524,260.69000046282497,260.76546651546835,0.13071428571429675,,,,169,164,166
2026-04-10 21:56:00,260.62,260.649,260.505,260.505,1808.0,260.5845918843262,260.65300037026,260.74178774133486,0.12242857142858352,,,,169,164,166
2026-04-10 21:57:00,260.51,260.59,260.48,260.54,3001.0,260.56229594216313,260.630400296208,260.7234434012135,0.11957142857143513,,,,169,164,166
2026-04-10 21:58:00,260.54,260.56,260.44,260.53,3428.0,260.54614797108155,260.6103202369664,260.7058576374668,0.12314285714286452,,,,169,164,166
2026-04-10 21:59:00,260.53,260.56,260.5,260.52,2684.0,260.5330739855408,260.5922561895731,260.6889614886062,0.11885714285715007,,,,169,164,166
2026-04-10 22:00:00,260.53,260.56,260.35,260.35,5656.0,260.4415369927704,260.5438049516585,260.6581468078238,0.12742857142857492,,,,169,164,166
2026-04-10 22:01:00,260.34,260.36,260.29,260.34,4267.0,260.3907684963852,260.5030439613268,260.62922437074894,0.12028571428571613,,,,169,164,166
2026-04-10 22:02:00,260.32,260.385,260.25,260.26,5009.0,260.32538424819256,260.45443516906147,260.5956585188627,0.12135714285714373,,,,169,164,166
2026-04-10 22:03:00,260.27,260.37,260.25,260.3,1226.0,260.3126921240963,260.4235481352492,260.56878047169334,0.12278571428571386,,,,169,164,166
2026-04-10 22:04:00,260.3,260.34,260.29,260.32,2055.0,260.3163460620482,260.40283850819935,260.5461640651758,0.11492857142857003,,,,169,164,166
2026-04-10 22:05:00,260.31,260.35,260.23,260.23,5979.0,260.2731730310241,260.3682708065595,260.5174218774325,0.11492857142857003,,,,169,164,166
2026-04-10 22:06:00,260.23,260.26,260.21,260.21,3962.0,260.24158651551204,260.33661664524766,260.48947443402955,0.10921428571428139,,,,169,164,166
2026-04-10 22:07:00,260.2,260.26,260.16,260.21,3258.0,260.225793257756,260.31129331619815,260.46406766729956,0.10492857142856289,,,,169,164,166
2026-04-10 22:08:00,260.17,260.2,260.13,260.14,2131.0,260.182896628878,260.27703465295855,260.4346069702723,0.10564285714284795,,,,169,164,166
2026-04-10 22:09:00,260.14,260.21,260.1,260.19,2154.0,260.18644831443896,260.2596277223669,260.4123699729748,0.1056428571428439,,,,169,164,166
2026-04-10 22:10:00,260.18,260.23,260.12,260.12,7547.0,260.1532241572195,260.2317021778935,260.3857908845225,0.10321428571427305,,,,169,164,166
2026-04-10 22:11:00,260.13,260.13,260.07,260.09,2949.0,260.1216120786097,260.2033617423148,260.3589008041114,0.09964285714284772,,,,169,164,166
2026-04-10 22:12:00,260.09,260.18,260.07,260.08,4641.0,260.10080603930487,260.17868939385187,260.3335461855558,0.09892857142856266,,,,169,164,166
2026-04-10 22:13:00,260.08,260.14,260.07,260.13,2201.0,260.11540301965243,260.1689515150815,260.3150419868689,0.09964285714284772,,,,169,164,166
2026-04-10 22:14:00,260.11,260.13,259.84,259.89,14344.0,260.00270150982624,260.1131612120652,260.27640180624445,0.10535714285713636,,,,169,164,166
2026-04-10 22:15:00,259.9,259.92,259.8,259.9,3949.0,259.9513507549131,260.0705289696522,260.24218346022224,0.10892857142856574,,,,169,164,166
2026-04-10 22:16:00,259.89,260.01,259.875,260.01,3282.0,259.9806753774566,260.05842317572177,260.2210758729293,0.10892857142856574,,,,169,164,166
2026-04-10 22:17:00,260.03,260.08,260.02,260.08,2934.0,260.0303376887283,260.0627385405774,260.20825079357206,0.10535714285713636,,,,169,164,166
2026-04-10 22:18:00,260.09,260.29,260.08,260.24,4723.0,260.13516884436416,260.0981908324619,260.2111370850655,0.11678571428571363,EMA3xEMA9 Bullish,,,170,164,166
2026-04-10 22:19:00,260.24,260.34,260.235,260.3,5752.0,260.2175844221821,260.13855266596954,260.21921553187775,0.11571428571428198,EMA3xEMA9 Bullish,,,171,164,166
2026-04-10 22:20:00,260.32,260.35,260.265,260.27,9179.0,260.24379221109103,260.1648421327757,260.22383230170703,0.11821428571428376,EMA3xEMA9 Bullish,EMA3xEMA21 Bullish,,172,165,166
2026-04-10 22:21:00,260.26,260.32,260.24,260.32,4552.0,260.2818961055455,260.19587370622054,260.23257481973366,0.11678571428571363,EMA3xEMA9 Bullish,EMA3xEMA21 Bullish,,173,166,166
2026-04-10 22:22:00,260.31,260.33,260.23,260.3,2779.0,260.29094805277276,260.21669896497644,260.23870438157604,0.11821428571428376,EMA3xEMA9 Bullish,EMA3xEMA21 Bullish,,174,167,166
2026-04-10 22:23:00,260.29,260.42,260.275,260.34,4261.0,260.31547402638637,260.2413591719812,260.24791307416,0.12071428571428962,EMA3xEMA9 Bullish,EMA3xEMA21 Bullish,,175,168,166
2026-04-10 22:24:00,260.33,260.37,260.29,260.32,4374.0,260.3177370131932,260.25708733758495,260.25446643105454,0.11857142857143035,EMA3xEMA9 Bullish,EMA3xEMA21 Bullish,EMA9xEMA21 Bullish,176,169,167
2026-04-10 22:25:00,260.34,260.34,260.25,260.32,1220.0,260.3188685065966,260.26966987006796,260.2604240282314,0.12071428571428555,EMA3xEMA9 Bullish,EMA3xEMA21 Bullish,EMA9xEMA21 Bullish,177,170,168
2026-04-10 22:26:00,260.29,260.29,260.22,260.25,1692.0,260.2844342532983,260.26573589605437,260.25947638930126,0.11999999999999643,EMA3xEMA9 Bullish,EMA3xEMA21 Bullish,EMA9xEMA21 Bullish,178,171,169
2026-04-10 22:27:00,260.27,260.3,260.22,260.26,1429.0,260.27221712664914,260.2645887168435,260.25952399027386,0.12071428571428149,EMA3xEMA9 Bullish,EMA3xEMA21 Bullish,EMA9xEMA21 Bullish,179,172,170
2026-04-10 22:28:00,260.26,260.26,260.2,260.23,1549.0,260.2511085633246,260.25767097347483,260.2568399911581,0.10428571428570876,EMA3xEMA9 Bearish,EMA3xEMA21 Bearish,EMA9xEMA21 Bullish,180,173,171
2026-04-10 22:29:00,260.28,260.34,260.24,260.26,1791.0,260.2555542816623,260.2581367787799,260.2571272646892,0.10357142857141964,,,EMA9xEMA21 Bullish,180,173,172
2026-04-10 22:30:00,260.26,260.26,259.9,259.97,15024.0,260.11277714083116,260.20050942302396,260.2310247860811,0.11964285714284983,,,EMA9xEMA21 Bearish,180,173,173
2026-04-10 22:31:00,259.96,259.96,259.8,259.81,4626.0,259.9613885704156,260.12240753841917,260.19274980552825,0.1267857142857086,,,,180,173,173
2026-04-10 22:32:00,259.84,259.9,259.69,259.79,9991.0,259.8756942852078,260.05592603073535,260.15613618684387,0.12678571428570454,,,,180,173,173
2026-04-10 22:33:00,259.75,259.83,259.74,259.79,2658.0,259.8328471426039,260.00274082458833,260.12285107894894,0.12571428571427695,,,,180,173,173
2026-04-10 22:34:00,259.8,259.8,259.56,259.6,6432.0,259.71642357130196,259.92219265967066,260.07531916268084,0.13678571428570357,,,,180,173,173
2026-04-10 22:35:00,259.62,259.78,259.61,259.7,2123.0,259.708211785651,259.8777541277365,260.04119923880074,0.14392857142855828,,,,180,173,173
2026-04-10 22:36:00,259.69,259.71,259.66,259.66,1061.0,259.6841058928255,259.8342033021892,260.0065447625461,0.14035714285712889,,,,180,173,173
2026-04-10 22:37:00,259.65,259.65,259.57,259.61,3081.0,259.64705294641277,259.7893626417514,259.9704952386783,0.13642857142855697,,,,180,173,173
2026-04-10 22:38:00,259.6,259.65,259.59,259.62,1525.0,259.6335264732064,259.75549011340115,259.93863203516213,0.13499999999998685,,,,180,173,173
2026-04-10 22:39:00,259.61,259.65,259.57,259.58,2971.0,259.60676323660323,259.7203920907209,259.90602912287466,0.13428571428570177,,,,180,173,173
2026-04-10 22:40:00,259.62,259.63,259.58,259.58,1172.0,259.5933816183016,259.69231367257674,259.8763901117042,0.13071428571427646,,,,180,173,173
2026-04-10 22:41:00,259.57,259.61,259.56,259.58,3933.0,259.5866908091508,259.6698509380614,259.84944555609474,0.12857142857142126,,,,180,173,173
2026-04-10 22:42:00,259.57,259.64,259.57,259.63,1515.0,259.6083454045754,259.66188075044914,259.82949596008615,0.12928571428570632,,,,180,173,173
2026-04-10 22:43:00,259.63,259.7,259.63,259.7,2213.0,259.6541727022877,259.66950460035935,259.8177236000783,0.12642857142856606,,,,180,173,173
2026-04-10 22:44:00,259.69,259.69,259.65,259.66,1346.0,259.6570863511439,259.66760368028747,259.80338509098027,0.10428571428570876,,,,180,173,173
2026-04-10 22:45:00,259.67,259.74,259.63,259.63,2147.0,259.64354317557195,259.66008294423,259.78762280998205,0.09999999999999432,,,,180,173,173
2026-04-10 22:46:00,259.63,259.66,259.61,259.65,2647.0,259.64677158778596,259.658066355384,259.77511164543824,0.08857142857142516,,,,180,173,173
2026-04-10 22:47:00,259.65,259.67,259.57,259.58,3056.0,259.613385793893,259.6424530843072,259.7573742231257,0.08928571428571429,,,,180,173,173
2026-04-10 22:48:00,259.59,259.64,259.58,259.63,3709.0,259.62169289694646,259.63996246744574,259.7457947482961,0.07642857142857094,,,,180,173,173
2026-04-10 22:49:00,259.64,259.64,259.57,259.6,1338.0,259.61084644847324,259.6319699739566,259.73254068026915,0.06857142857143117,,,,180,173,173
2026-04-10 22:50:00,259.585,259.6,259.47,259.48,6842.0,259.54542322423663,259.60157597916526,259.7095824366083,0.07428571428571981,,,,180,173,173
2026-04-10 22:51:00,259.47,259.51,259.44,259.48,1406.0,259.5127116121183,259.57726078333224,259.6887113060075,0.07285714285714562,,,,180,173,173
2026-04-10 22:52:00,259.49,259.5,259.29,259.405,5034.0,259.45885580605915,259.54280862666576,259.6629193690977,0.08357142857142971,,,,180,173,173
2026-04-10 22:53:00,259.4,259.49,259.37,259.46,4819.0,259.45942790302956,259.5262469013326,259.6444721537252,0.08642857142857403,,,,180,173,173
2026-04-10 22:54:00,259.49,259.505,259.43,259.44,1265.0,259.4497139515148,259.50899752106614,259.62588377611377,0.08821428571428669,,,,180,173,173
2026-04-10 22:55:00,259.44,259.48,259.44,259.48,906.0,259.4648569757574,259.50319801685293,259.61262161464884,0.08750000000000162,,,,180,173,173
2026-04-10 22:56:00,259.5,259.59,259.47,259.47,2970.0,259.4674284878787,259.4965584134824,259.5996560133171,0.09107142857142694,,,,180,173,173
2026-04-10 22:57:00,259.45,259.45,259.35,259.35,5704.0,259.40871424393936,259.4672467307859,259.57696001210644,0.09464285714285633,,,,180,173,173
2026-04-10 22:58:00,259.34,259.34,259.27,259.31,5463.0,259.35935712196965,259.43579738462876,259.5526909200968,0.09678571428571558,,,,180,173,173
2026-04-10 22:59:00,259.31,259.31,259.21,259.25,8905.0,259.3046785609848,259.398637907703,259.52517356372437,0.09607142857143051,,,,180,173,173
2026-04-10 23:00:00,259.23,259.25,259.16,259.22,5707.0,259.2623392804924,259.3629103261624,259.4974305124767,0.09892857142857078,,,,180,173,173
2026-04-10 23:01:00,259.24,259.26,259.22,259.23,1688.0,259.2461696402462,259.3363282609299,259.4731186477061,0.09464285714285227,,,,180,173,173
2026-04-10 23:02:00,259.19,259.23,259.17,259.23,2097.0,259.2380848201231,259.3150626087439,259.45101695246007,0.09464285714285227,,,,180,173,173
2026-04-10 23:03:00,259.22,259.29,259.19,259.28,985.0,259.2590424100615,259.30805008699514,259.4354699567819,0.09678571428571152,,,,180,173,173
2026-04-10 23:04:00,259.29,259.29,259.21,259.22,10558.0,259.23952120503077,259.2904400695961,259.41588177889264,0.09321428571428621,,,,180,173,173
2026-04-10 23:05:00,259.22,259.23,259.16,259.21,2026.0,259.2247606025154,259.2743520556769,259.3971652535388,0.09321428571428621,,,,180,173,173
2026-04-10 23:06:00,259.19,259.21,259.12,259.15,3210.0,259.1873803012577,259.2494816445415,259.37469568503525,0.08464285714285731,,,,180,173,173
2026-04-10 23:07:00,259.14,259.14,259.03,259.07,2805.0,259.1286901506288,259.2135853156332,259.34699607730477,0.08464285714285731,,,,180,173,173
2026-04-10 23:08:00,259.06,259.19,259.04,259.19,1359.0,259.1593450753144,259.2088682525066,259.33272370664065,0.08999999999999934,,,,180,173,173
2026-04-10 23:09:00,259.2,259.32,259.2,259.31,2295.0,259.23467253765716,259.2290946020053,259.33065791512786,0.09642857142856899,EMA3xEMA9 Bullish,,,181,173,173
2026-04-10 23:10:00,259.31,259.33,259.14,259.15,6772.0,259.19233626882857,259.2132756816043,259.314234468298,0.10142857142857256,EMA3xEMA9 Bearish,,,182,173,173
2026-04-10 23:11:00,259.17,259.32,259.16,259.16,7953.0,259.1761681344143,259.2026205452834,259.3002131529982,0.10500000000000195,,,,182,173,173
2026-04-10 23:12:00,259.18,259.28,259.14,259.28,4089.0,259.22808406720713,259.21809643622674,259.2983755936347,0.10928571428571233,EMA3xEMA9 Bullish,,,183,173,173
2026-04-10 23:13:00,259.3,259.51,259.3,259.42,3724.0,259.3240420336036,259.2584771489814,259.30943235784974,0.1185714285714263,EMA3xEMA9 Bullish,EMA3xEMA21 Bullish,,184,174,173
2026-04-10 23:14:00,259.41,259.43,259.33,259.35,3953.0,259.3370210168018,259.2767817191851,259.3131203253179,0.11928571428571542,EMA3xEMA9 Bullish,EMA3xEMA21 Bullish,,185,175,173
2026-04-10 23:15:00,259.35,259.35,259.25,259.3,2560.0,259.3185105084009,259.28142537534814,259.3119275684708,0.12357142857143393,EMA3xEMA9 Bullish,EMA3xEMA21 Bullish,,186,176,173
2026-04-10 23:16:00,259.28,259.28,259.18,259.19,3128.0,259.2542552542004,259.2631403002785,259.30084324406437,0.1278571428571484,EMA3xEMA9 Bearish,EMA3xEMA21 Bearish,,187,177,173
2026-04-10 23:17:00,259.22,259.3,259.22,259.29,2117.0,259.2721276271002,259.26851224022283,259.29985749460394,0.12857142857143344,EMA3xEMA9 Bullish,,,188,177,173
2026-04-10 23:18:00,259.3,259.4,259.29,259.39,1102.0,259.3310638135501,259.2928097921783,259.3080522678218,0.1307142857142846,EMA3xEMA9 Bullish,EMA3xEMA21 Bullish,,189,178,173
2026-04-10 23:19:00,259.38,259.38,259.26,259.28,2087.0,259.30553190677506,259.2902478337426,259.30550206165617,0.13499999999999904,EMA3xEMA9 Bullish,EMA3xEMA21 Bullish,,190,179,173
2026-04-10 23:20:00,259.3,259.37,259.26,259.37,3036.0,259.33776595338753,259.3061982669941,259.3113655105965,0.1364285714285732,EMA3xEMA9 Bullish,EMA3xEMA21 Bullish,,191,180,173
2026-04-10 23:21:00,259.39,259.39,259.34,259.35,1474.0,259.34388297669375,259.3149586135953,259.3148777369059,0.1314285714285737,EMA3xEMA9 Bullish,EMA3xEMA21 Bullish,EMA9xEMA21 Bullish,192,181,174
2026-04-10 23:22:00,259.35,259.4,259.35,259.39,1226.0,259.36694148834687,259.3299668908763,259.3217070335508,0.12428571428571493,EMA3xEMA9 Bullish,EMA3xEMA21 Bullish,EMA9xEMA21 Bullish,193,182,175
2026-04-10 23:23:00,259.38,259.45,259.35,259.43,2181.0,259.39847074417344,259.34997351270107,259.3315518486825,0.12214285714285568,EMA3xEMA9 Bullish,EMA3xEMA21 Bullish,EMA9xEMA21 Bullish,194,183,176
2026-04-10 23:24:00,259.43,259.46,259.42,259.46,2017.0,259.42923537208674,259.37197881016084,259.3432289533477,0.11142857142856753,EMA3xEMA9 Bullish,EMA3xEMA21 Bullish,EMA9xEMA21 Bullish,195,184,177
2026-04-10 23:25:00,259.47,259.52,259.46,259.46,2066.0,259.44461768604333,259.38958304812866,259.3538445030434,0.1035714285714237,EMA3xEMA9 Bullish,EMA3xEMA21 Bullish,EMA9xEMA21 Bullish,196,185,178
2026-04-10 23:26:00,259.47,259.57,259.47,259.56,2461.0,259.50230884302164,259.42366643850295,259.37258591185764,0.10142857142856851,EMA3xEMA9 Bullish,EMA3xEMA21 Bullish,EMA9xEMA21 Bullish,197,186,179
2026-04-10 23:27:00,259.57,259.76,259.57,259.65,6633.0,259.5761544215108,259.46893315080234,259.397805374416,0.09928571428570925,EMA3xEMA9 Bullish,EMA3xEMA21 Bullish,EMA9xEMA21 Bullish,198,187,180
2026-04-10 23:28:00,259.66,259.81,259.66,259.77,7191.0,259.6730772107554,259.52914652064186,259.43164124946907,0.1035714285714237,EMA3xEMA9 Bullish,EMA3xEMA21 Bullish,EMA9xEMA21 Bullish,199,188,181
2026-04-10 23:29:00,259.78,259.825,259.65,259.68,3545.0,259.6765386053777,259.5593172165135,259.45421931769914,0.10892857142856574,EMA3xEMA9 Bullish,EMA3xEMA21 Bullish,EMA9xEMA21 Bullish,200,189,182
2026-04-10 23:30:00,259.68,259.71,259.57,259.67,2132.0,259.6732693026888,259.5814537732108,259.4738357433628,0.11035714285713587,EMA3xEMA9 Bullish,EMA3xEMA21 Bullish,EMA9xEMA21 Bullish,201,190,183
2026-04-10 23:31:00,259.66,259.67,259.53,259.54,4141.0,259.6066346513444,259.57316301856866,259.4798506757844,0.11249999999999513,EMA3xEMA9 Bullish,EMA3xEMA21 Bullish,EMA9xEMA21 Bullish,202,191,184
2026-04-10 23:32:00,259.57,259.64,259.57,259.61,6284.0,259.6083173256722,259.58053041485493,259.49168243253126,0.11178571428571006,EMA3xEMA9 Bullish,EMA3xEMA21 Bullish,EMA9xEMA21 Bullish,203,192,185
2026-04-10 23:33:00,259.62,259.62,259.54,259.55,1370.0,259.5791586628361,259.57442433188396,259.49698402957387,0.10821428571428068,EMA3xEMA9 Bullish,EMA3xEMA21 Bullish,EMA9xEMA21 Bullish,204,193,186
2026-04-10 23:34:00,259.55,259.55,259.46,259.46,995.0,259.5195793314181,259.5515394655072,259.49362184506714,0.10678571428571056,EMA3xEMA9 Bearish,EMA3xEMA21 Bullish,EMA9xEMA21 Bullish,205,194,187
2026-04-10 23:35:00,259.49,259.51,259.41,259.47,6518.0,259.49478966570905,259.5352315724058,259.4914744046065,0.11035714285713587,,EMA3xEMA21 Bullish,EMA9xEMA21 Bullish,205,195,188
2026-04-10 23:36:00,259.48,259.51,259.45,259.47,1743.0,259.48239483285454,259.52218525792466,259.4895221860059,0.111071428571425,,EMA3xEMA21 Bearish,EMA9xEMA21 Bullish,205,196,189
2026-04-10 23:37:00,259.48,259.57,259.48,259.54,2735.0,259.5111974164273,259.52574820633976,259.4941110781872,0.111071428571425,,EMA3xEMA21 Bullish,EMA9xEMA21 Bullish,205,197,190
2026-04-10 23:38:00,259.52,259.68,259.52,259.66,2896.0,259.58559870821364,259.55259856507183,259.5091918892611,0.11964285714285795,EMA3xEMA9 Bullish,EMA3xEMA21 Bullish,EMA9xEMA21 Bullish,206,198,191
2026-04-10 23:39:00,259.65,259.65,259.54,259.58,4044.0,259.5827993541068,259.55807885205746,259.51562899023736,0.1239285714285724,EMA3xEMA9 Bullish,EMA3xEMA21 Bullish,EMA9xEMA21 Bullish,207,199,192
2026-04-10 23:40:00,259.57,259.67,259.56,259.67,1633.0,259.6263996770534,259.580463081646,259.5296627183976,0.1239285714285724,EMA3xEMA9 Bullish,EMA3xEMA21 Bullish,EMA9xEMA21 Bullish,208,200,193
2026-04-10 23:41:00,259.67,259.77,259.67,259.67,3625.0,259.6481998385267,259.5983704653168,259.54242065308875,0.11678571428571363,EMA3xEMA9 Bullish,EMA3xEMA21 Bullish,EMA9xEMA21 Bullish,209,201,194
2026-04-10 23:42:00,259.67,259.72,259.67,259.67,1910.0,259.6590999192633,259.6126963722535,259.5540187755352,0.1089285714285698,EMA3xEMA9 Bullish,EMA3xEMA21 Bullish,EMA9xEMA21 Bullish,210,202,195
2026-04-10 23:43:00,259.66,259.67,259.52,259.53,4080.0,259.59454995963165,259.5961570978028,259.55183525048653,0.10714285714285714,EMA3xEMA9 Bearish,EMA3xEMA21 Bullish,EMA9xEMA21 Bullish,211,203,196
2026-04-10 23:44:00,259.54,259.56,259.47,259.56,3333.0,259.5772749798158,259.5889256782423,259.5525775004423,0.10357142857142776,,EMA3xEMA21 Bullish,EMA9xEMA21 Bullish,211,204,197
2026-04-10 23:45:00,259.56,259.62,259.555,259.555,1594.0,259.5661374899079,259.58214054259383,259.55279772767483,0.09821428571428166,,EMA3xEMA21 Bullish,EMA9xEMA21 Bullish,211,205,198
2026-04-10 23:46:00,259.55,259.615,259.55,259.6,1156.0,259.58306874495395,259.5857124340751,259.55708884334075,0.09571428571428393,,EMA3xEMA21 Bullish,EMA9xEMA21 Bullish,211,206,199
2026-04-10 23:47:00,259.61,259.75,259.61,259.74,2570.0,259.661534372477,259.61656994726013,259.5737171303098,0.10071428571428344,EMA3xEMA9 Bullish,EMA3xEMA21 Bullish,EMA9xEMA21 Bullish,212,207,200
2026-04-10 23:48:00,259.74,259.77,259.72,259.76,1700.0,259.7107671862385,259.6452559578081,259.59065193664526,0.09785714285713507,EMA3xEMA9 Bullish,EMA3xEMA21 Bullish,EMA9xEMA21 Bullish,213,208,201
2026-04-10 23:49:00,259.76,259.79,259.72,259.73,3542.0,259.72038359311927,259.66220476624653,259.60331994240477,0.09571428571427987,EMA3xEMA9 Bullish,EMA3xEMA21 Bullish,EMA9xEMA21 Bullish,214,209,202
2026-04-10 23:50:00,259.735,259.8,259.69,259.8,3664.0,259.76019179655964,259.6897638129973,259.62119994764066,0.09928571428570925,EMA3xEMA9 Bullish,EMA3xEMA21 Bullish,EMA9xEMA21 Bullish,215,210,203
2026-04-10 23:51:00,259.79,259.93,259.79,259.93,6868.0,259.84509589827985,259.73781105039785,259.64927267967335,0.10214285714285357,EMA3xEMA9 Bullish,EMA3xEMA21 Bullish,EMA9xEMA21 Bullish,216,211,204
2026-04-10 23:52:00,259.92,259.93,259.875,259.9,1874.0,259.8725479491399,259.7702488403183,259.6720660724303,0.09464285714285227,EMA3xEMA9 Bullish,EMA3xEMA21 Bullish,EMA9xEMA21 Bullish,217,212,205
2026-04-10 23:53:00,259.91,259.95,259.9,259.95,1058.0,259.91127397456995,259.8061990722546,259.69733279311845,0.08964285714285276,EMA3xEMA9 Bullish,EMA3xEMA21 Bullish,EMA9xEMA21 Bullish,218,213,206
2026-04-10 23:54:00,259.93,259.97,259.88,259.96,3084.0,259.93563698728497,259.8369592578037,259.7212116301077,0.08821428571428262,EMA3xEMA9 Bullish,EMA3xEMA21 Bullish,EMA9xEMA21 Bullish,219,214,207
2026-04-10 23:55:00,259.96,259.98,259.89,259.89,2481.0,259.9128184936425,259.84756740624294,259.7365560273706,0.08750000000000162,EMA3xEMA9 Bullish,EMA3xEMA21 Bullish,EMA9xEMA21 Bullish,220,215,208
2026-04-10 23:56:00,259.89,260.06,259.89,259.97,10788.0,259.94140924682125,259.87205392499436,259.75777820670055,0.09607142857143051,EMA3xEMA9 Bullish,EMA3xEMA21 Bullish,EMA9xEMA21 Bullish,221,216,209
2026-04-10 23:57:00,259.98,259.99,259.95,259.97,1841.0,259.9557046234106,259.8916431399955,259.7770710970005,0.08821428571428669,EMA3xEMA9 Bullish,EMA3xEMA21 Bullish,EMA9xEMA21 Bullish,222,217,210
2026-04-10 23:58:00,259.97,260.12,259.97,260.1,3382.0,260.0278523117053,259.9333145119964,259.8064282700004,0.09250000000000114,EMA3xEMA9 Bullish,EMA3xEMA21 Bullish,EMA9xEMA21 Bullish,223,218,211
2026-04-10 23:59:00,260.11,260.14,260.08,260.12,1518.0,260.07392615585263,259.9706516095971,259.8349347909095,0.09214285714285861,EMA3xEMA9 Bullish,EMA3xEMA21 Bullish,EMA9xEMA21 Bullish,224,219,212
2026-04-11 00:00:00,260.11,260.14,260.02,260.125,3702.0,260.0994630779263,260.0015212876777,259.8613043553722,0.09607142857143051,EMA3xEMA9 Bullish,EMA3xEMA21 Bullish,EMA9xEMA21 Bullish,225,220,213
2026-04-11 00:01:00,260.13,260.19,260.04,260.065,6338.0,260.08223153896313,260.01421703014216,259.8798221412475,0.09607142857143051,EMA3xEMA9 Bullish,EMA3xEMA21 Bullish,EMA9xEMA21 Bullish,226,221,214
2026-04-11 00:02:00,260.06,260.13,260.05,260.12,2468.0,260.10111576948157,260.03537362411373,259.9016564920431,0.09821428571428978,EMA3xEMA9 Bullish,EMA3xEMA21 Bullish,EMA9xEMA21 Bullish,227,222,215
2026-04-11 00:03:00,260.12,260.14,260.09,260.12,5475.0,260.1105578847408,260.05229889929103,259.92150590185736,0.09678571428571965,EMA3xEMA9 Bullish,EMA3xEMA21 Bullish,EMA9xEMA21 Bullish,228,223,216
2026-04-11 00:04:00,260.13,260.13,260.105,260.105,4572.0,260.1077789423704,260.06283911943285,259.93818718350667,0.09071428571428848,EMA3xEMA9 Bullish,EMA3xEMA21 Bullish,EMA9xEMA21 Bullish,229,224,217
2026-04-11 00:05:00,260.1,260.1,259.95,259.99,3373.0,260.0488894711852,260.0482712955463,259.94289743955153,0.09178571428572013,EMA3xEMA9 Bullish,EMA3xEMA21 Bullish,EMA9xEMA21 Bullish,230,225,218
2026-04-11 00:06:00,259.99,260.05,259.93,260.01,5798.0,260.0294447355926,260.040617036437,259.9489976723196,0.09642857142857711,EMA3xEMA9 Bearish,EMA3xEMA21 Bullish,EMA9xEMA21 Bullish,231,226,219
2026-04-11 00:07:00,260.02,260.08,260.015,260.02,1914.0,260.0247223677963,260.0364936291496,259.95545242938147,0.09785714285714724,,EMA3xEMA21 Bullish,EMA9xEMA21 Bullish,231,227,220
2026-04-11 00:08:00,260.02,260.06,260.01,260.01,2108.0,260.0173611838982,260.0311949033197,259.9604112994377,0.09500000000000293,,EMA3xEMA21 Bullish,EMA9xEMA21 Bullish,231,228,221
2026-04-11 00:09:00,260.01,260.03,259.93,260.0,2947.0,260.0086805919491,260.02495592265575,259.96401027221606,0.09571428571428393,,EMA3xEMA21 Bullish,EMA9xEMA21 Bullish,231,229,222
2026-04-11 00:10:00,260.0,260.12,260.0,260.05,3141.0,260.0293402959745,260.0299647381246,259.9718275201964,0.09214285714285454,,EMA3xEMA21 Bullish,EMA9xEMA21 Bullish,231,230,223
2026-04-11 00:11:00,260.04,260.04,259.96,259.98,3467.0,260.00467014798727,260.01997179049965,259.97257047290583,0.09571428571428393,,EMA3xEMA21 Bullish,EMA9xEMA21 Bullish,231,231,224
2026-04-11 00:12:00,259.97,259.98,259.93,259.95,1001.0,259.97733507399363,260.00597743239973,259.9705186117326,0.08857142857142922,,EMA3xEMA21 Bullish,EMA9xEMA21 Bullish,231,232,225
2026-04-11 00:13:00,259.95,259.95,259.86,259.94,1827.0,259.9586675369968,259.9927819459198,259.9677441924842,0.09071428571428442,,EMA3xEMA21 Bearish,EMA9xEMA21 Bullish,231,233,226
2026-04-11 00:14:00,259.96,260.11,259.95,260.09,1772.0,260.0243337684984,260.01222555673587,259.9788583568038,0.09428571428571379,EMA3xEMA9 Bullish,EMA3xEMA21 Bullish,EMA9xEMA21 Bullish,232,234,227
2026-04-11 00:15:00,260.08,260.11,260.05,260.05,1149.0,260.03716688424925,260.01978044538873,259.98532577891257,0.08785714285714416,EMA3xEMA9 Bullish,EMA3xEMA21 Bullish,EMA9xEMA21 Bullish,233,235,228
2026-04-11 00:16:00,260.04,260.08,260.01,260.04,1536.0,260.0385834421246,260.023824356311,259.9902961626478,0.08714285714285909,EMA3xEMA9 Bullish,EMA3xEMA21 Bullish,EMA9xEMA21 Bullish,234,236,229
2026-04-11 00:17:00,260.04,260.04,259.98,259.98,1944.0,260.0092917210623,260.0150594850488,259.9893601478616,0.08785714285714416,EMA3xEMA9 Bearish,EMA3xEMA21 Bullish,EMA9xEMA21 Bullish,235,237,230
2026-04-11 00:18:00,259.99,260.0,259.95,259.95,1108.0,259.97964586053115,260.0020475880391,259.9857819526014,0.08964285714286088,,EMA3xEMA21 Bearish,EMA9xEMA21 Bullish,235,238,231
2026-04-11 00:19:00,259.95,260.01,259.93,259.98,2721.0,259.9798229302656,259.9976380704313,259.98525632054674,0.08428571428571477,,,EMA9xEMA21 Bullish,235,238,232
2026-04-11 00:20:00,259.97,259.97,259.92,259.93,4941.0,259.9549114651328,259.9841104563451,259.98023301867886,0.08000000000000032,,,EMA9xEMA21 Bullish,235,238,233
2026-04-11 00:21:00,259.93,259.93,259.86,259.87,2288.0,259.9124557325664,259.9612883650761,259.97021183516256,0.08000000000000032,,,EMA9xEMA21 Bearish,235,238,234
2026-04-11 00:22:00,259.86,259.86,259.825,259.86,1079.0,259.8862278662832,259.94103069206085,259.9601925774205,0.07964285714285779,,,,235,238,234
2026-04-11 00:23:00,259.87,259.88,259.82,259.82,1451.0,259.8531139331416,259.91682455364867,259.947447797655,0.07678571428571754,,,,235,238,234
2026-04-11 00:24:00,259.82,259.86,259.79,259.83,3125.0,259.8415569665708,259.89945964291894,259.9367707251409,0.07321428571428815,,,,235,238,234
2026-04-11 00:25:00,259.81,259.81,259.7,259.75,3272.0,259.7957784832854,259.8695677143352,259.9197915683099,0.07607142857142841,,,,235,238,234
2026-04-11 00:26:00,259.74,259.77,259.71,259.74,7097.0,259.7678892416427,259.8436541714682,259.9034468802817,0.07678571428571347,,,,235,238,234
2026-04-11 00:27:00,259.735,259.77,259.73,259.74,2274.0,259.75394462082136,259.82292333717453,259.88858807298334,0.0732142857142841,,,,235,238,234
2026-04-11 00:28:00,259.74,259.78,259.71,259.77,3300.0,259.76197231041067,259.81233866973963,259.87780733907573,0.06607142857142533,,,,235,238,234
2026-04-11 00:29:00,259.77,259.77,259.71,259.73,3014.0,259.74598615520534,259.79587093579175,259.86437030825067,0.06607142857142533,,,,235,238,234
2026-04-11 00:30:00,259.73,259.83,259.68,259.73,11949.0,259.7379930776027,259.78269674863344,259.8521548256824,0.0717857142857099,,,,235,238,234
2026-04-11 00:31:00,259.74,259.8,259.74,259.8,3292.0,259.7689965388014,259.78615739890677,259.8474134778931,0.07249999999999497,,,,235,238,234
2026-04-11 00:32:00,259.8,259.8,259.72,259.73,7454.0,259.7494982694007,259.77492591912545,259.83673952535736,0.07464285714285016,,,,235,238,234
2026-04-11 00:33:00,259.73,259.79,259.72,259.76,4401.0,259.7547491347003,259.7719407353004,259.8297632048703,0.0739285714285651,,,,235,238,234
2026-04-11 00:34:00,259.765,259.8,259.74,259.79,6112.0,259.7723745673502,259.7755525882404,259.8261483680639,0.0739285714285651,,,,235,238,234
2026-04-11 00:35:00,259.77,259.975,259.76,259.91,11460.0,259.84118728367514,259.80244207059235,259.83377124369446,0.08428571428571072,EMA3xEMA9 Bullish,EMA3xEMA21 Bullish,,236,239,234
2026-04-11 00:36:00,259.9,259.905,259.765,259.83,4032.0,259.8355936418376,259.8079536564739,259.8334284033586,0.09142857142856949,EMA3xEMA9 Bullish,EMA3xEMA21 Bullish,,237,240,234
2026-04-11 00:37:00,259.83,259.83,259.75,259.77,4411.0,259.8027968209188,259.8003629251791,259.82766218487143,0.09285714285713961,EMA3xEMA9 Bullish,EMA3xEMA21 Bearish,,238,241,234
2026-04-11 00:38:00,259.76,259.79,259.72,259.75,3759.0,259.77639841045936,259.7902903401433,259.82060198624674,0.09285714285713961,EMA3xEMA9 Bearish,,,239,241,234
2026-04-11 00:39:00,259.74,259.74,259.63,259.7,7731.0,259.73819920522965,259.77223227211465,259.80963816931524,0.09214285714285454,,,,239,241,234
2026-04-11 00:40:00,259.68,259.79,259.68,259.74,4274.0,259.73909960261483,259.7657858176917,259.8033074266502,0.09571428571428393,,,,239,241,234
2026-04-11 00:41:00,259.75,259.75,259.71,259.71,2591.0,259.7245498013074,259.7546286541534,259.79482493331835,0.09571428571428799,,,,239,241,234
2026-04-11 00:42:00,259.71,259.78,259.705,259.74,3587.0,259.7322749006537,259.75170292332274,259.7898408484712,0.09607142857143051,,,,239,241,234
2026-04-11 00:43:00,259.74,259.8,259.69,259.79,2767.0,259.7611374503268,259.7593623386582,259.789855316792,0.0996428571428599,EMA3xEMA9 Bullish,,,240,241,234
2026-04-11 00:44:00,259.785,260.02,259.78,259.87,10669.0,259.8155687251634,259.7814898709266,259.79714119708365,0.1060714285714336,EMA3xEMA9 Bullish,EMA3xEMA21 Bullish,,241,242,234
2026-04-11 00:45:00,259.89,259.89,259.75,259.8,2485.0,259.80778436258174,259.78519189674125,259.79740108825786,0.11107142857143312,EMA3xEMA9 Bullish,EMA3xEMA21 Bullish,,242,243,234
2026-04-11 00:46:00,259.79,259.79,259.71,259.75,4850.0,259.77889218129087,259.77815351739304,259.7930918984162,0.11178571428572225,EMA3xEMA9 Bullish,EMA3xEMA21 Bearish,,243,244,234
2026-04-11 00:47:00,259.76,259.77,259.65,259.67,2303.0,259.7244460906454,259.75652281391444,259.78190172583294,0.11535714285715162,EMA3xEMA9 Bearish,,,244,244,234
2026-04-11 00:48:00,259.7,259.75,259.65,259.65,3119.0,259.6872230453227,259.7352182511316,259.7699106598481,0.11821428571429594,,,,244,244,234
2026-04-11 00:49:00,259.65,259.68,259.58,259.61,3412.0,259.6486115226613,259.7101746009053,259.75537332713463,0.11000000000000958,,,,244,244,234
2026-04-11 00:50:00,259.63,259.67,259.55,259.55,3033.0,259.5993057613307,259.67813968072426,259.73670302466786,0.10821428571429285,,,,244,244,234
2026-04-11 00:51:00,259.54,259.585,259.47,259.575,4312.0,259.58715288066537,259.65751174457944,259.72200274969805,0.11071428571429058,,,,244,244,234
2026-04-11 00:52:00,259.57,259.57,259.49,259.53,8453.0,259.5585764403327,259.63200939566354,259.70454795427094,0.11178571428571818,,,,244,244,234
2026-04-11 00:53:00,259.52,259.56,259.45,259.54,9930.0,259.5492882201663,259.61360751653086,259.6895890493372,0.11107142857143312,,,,244,244,234
2026-04-11 00:54:00,259.53,259.54,259.46,259.52,6352.0,259.53464411008315,259.5948860132247,259.6741718630338,0.10892857142857792,,,,244,244,234
2026-04-11 00:55:00,259.49,259.5,259.41,259.48,3351.0,259.5073220550416,259.57190881057977,259.65651987548523,0.11392857142857338,,,,244,244,234
2026-04-11 00:56:00,259.47,259.47,259.36,259.41,5967.0,259.4586610275208,259.5395270484638,259.6341089777138,0.11714285714286023,,,,244,244,234
2026-04-11 00:57:00,259.42,259.51,259.39,259.51,8375.0,259.48433051376037,259.5336216387711,259.6228263433762,0.1178571428571453,,,,244,244,234
2026-04-11 00:58:00,259.51,259.6,259.51,259.57,6243.0,259.52716525688015,259.54089731101686,259.6180239485238,0.1071428571428612,,,,244,244,234
2026-04-11 00:59:00,259.56,259.73,259.56,259.72,5401.0,259.6235826284401,259.57671784881353,259.627294498658,0.10928571428572045,EMA3xEMA9 Bullish,,,245,244,234
2026-04-11 01:00:00,259.725,259.76,259.55,259.55,11990.0,259.58679131422,259.5713742790509,259.6202677260527,0.1178571428571453,EMA3xEMA9 Bullish,,,246,244,234
2026-04-11 01:01:00,259.56,259.59,259.49,259.49,2275.0,259.53839565711,259.55509942324073,259.60842520550244,0.1164285714285711,EMA3xEMA9 Bearish,,,247,244,234
2026-04-11 01:02:00,259.48,259.575,259.48,259.54,4497.0,259.539197828555,259.5520795385926,259.60220473227497,0.11607142857142451,,,,247,244,234
2026-04-11 01:03:00,259.54,259.6,259.505,259.54,4303.0,259.5395989142775,259.5496636308741,259.5965497566136,0.11571428571428198,,,,247,244,234
2026-04-11 01:04:00,259.53,259.55,259.48,259.5,6777.0,259.5197994571388,259.53973090469924,259.58777250601236,0.11214285714285259,,,,247,244,234
2026-04-11 01:05:00,259.49,259.49,259.33,259.39,7330.0,259.4548997285694,259.5097847237594,259.56979318728395,0.11607142857142858,,,,247,244,234
2026-04-11 01:06:00,259.4,259.54,259.4,259.53,8017.0,259.4924498642847,259.51382777900756,259.5661756248036,0.12071428571428962,,,,247,244,234
2026-04-11 01:07:00,259.52,259.54,259.44,259.45,6485.0,259.4712249321424,259.5010622232061,259.55561420436686,0.12000000000000455,,,,247,244,234
2026-04-11 01:08:00,259.44,259.48,259.29,259.475,8212.0,259.4731124660712,259.4958497785649,259.5482856403335,0.1278571428571443,,,,247,244,234
2026-04-11 01:09:00,259.48,259.54,259.45,259.5,6519.0,259.48655623303557,259.4966798228519,259.5438960366668,0.12642857142857825,,,,247,244,234
2026-04-11 01:10:00,259.51,259.53,259.35,259.37,6603.0,259.4282781165178,259.47134385828156,259.52808730606074,0.13071428571428864,,,,247,244,234
2026-04-11 01:11:00,259.37,259.55,259.34,259.53,4634.0,259.47913905825885,259.48307508662526,259.5282611873279,0.13714285714286234,,,,247,244,234
2026-04-11 01:12:00,259.54,259.64,259.54,259.59,9120.0,259.5345695291294,259.5044600693002,259.53387380666175,0.13857142857143248,EMA3xEMA9 Bullish,EMA3xEMA21 Bullish,,248,245,234
2026-04-11 01:13:00,259.59,259.59,259.5,259.5,7132.0,259.5172847645647,259.50356805544016,259.5307943696925,0.13285714285714384,EMA3xEMA9 Bullish,EMA3xEMA21 Bearish,,249,246,234
2026-04-11 01:14:00,259.51,259.68,259.51,259.65,5871.0,259.58364238228233,259.53285444435215,259.541631245175,0.13071428571428864,EMA3xEMA9 Bullish,EMA3xEMA21 Bullish,,250,247,234
2026-04-11 01:15:00,259.63,259.8,259.62,259.8,9314.0,259.6918211911412,259.5862835554817,259.56511931379544,0.13642857142857728,EMA3xEMA9 Bullish,EMA3xEMA21 Bullish,EMA9xEMA21 Bullish,251,248,235
2026-04-11 01:16:00,259.81,259.82,259.68,259.7,7260.0,259.6959105955706,259.60902684438537,259.5773811943595,0.13964285714286412,EMA3xEMA9 Bullish,EMA3xEMA21 Bullish,EMA9xEMA21 Bullish,252,249,236
2026-04-11 01:17:00,259.69,259.76,259.68,259.71,4669.0,259.70295529778525,259.6292214755083,259.5894374494177,0.13857142857143248,EMA3xEMA9 Bullish,EMA3xEMA21 Bullish,EMA9xEMA21 Bullish,253,250,237
2026-04-11 01:18:00,259.69,259.69,259.63,259.64,4015.0,259.6714776488926,259.6313771804066,259.5940340449252,0.13928571428571754,EMA3xEMA9 Bullish,EMA3xEMA21 Bullish,EMA9xEMA21 Bullish,254,251,238
2026-04-11 01:19:00,259.65,259.705,259.58,259.65,5572.0,259.6607388244463,259.6351017443253,259.5991218590229,0.13607142857143067,EMA3xEMA9 Bullish,EMA3xEMA21 Bullish,EMA9xEMA21 Bullish,255,252,239
2026-04-11 01:20:00,259.6,260.03,259.53,259.96,33170.0,259.81036941222317,259.70008139546024,259.6319289627481,0.16107142857142825,EMA3xEMA9 Bullish,EMA3xEMA21 Bullish,EMA9xEMA21 Bullish,256,253,240
2026-04-11 01:21:00,259.97,259.98,259.78,259.85,10982.0,259.8301847061116,259.7300651163682,259.6517536024983,0.168214285714287,EMA3xEMA9 Bullish,EMA3xEMA21 Bullish,EMA9xEMA21 Bullish,257,254,241
2026-04-11 01:22:00,259.85,259.9,259.78,259.825,12177.0,259.8275923530558,259.74905209309463,259.6675032749984,0.1632142857142875,EMA3xEMA9 Bullish,EMA3xEMA21 Bullish,EMA9xEMA21 Bullish,258,255,242
2026-04-11 01:23:00,259.83,259.89,259.8,259.88,10632.0,259.8537961765279,259.77524167447575,259.68682115908945,0.16321428571428345,EMA3xEMA9 Bullish,EMA3xEMA21 Bullish,EMA9xEMA21 Bullish,259,256,243
2026-04-11 01:24:00,259.88,260.08,259.86,260.01,17032.0,259.93189808826395,259.8221933395806,259.71620105371767,0.16607142857142776,EMA3xEMA9 Bullish,EMA3xEMA21 Bullish,EMA9xEMA21 Bullish,260,257,244
2026-04-11 01:25:00,260.02,260.28,260.02,260.25,19141.0,260.090949044132,259.9077546716645,259.76472823065245,0.17035714285713816,EMA3xEMA9 Bullish,EMA3xEMA21 Bullish,EMA9xEMA21 Bullish,261,258,245
2026-04-11 01:26:00,260.26,260.28,260.11,260.23,21110.0,260.160474522066,259.97220373733165,259.8070256642295,0.17464285714284852,EMA3xEMA9 Bullish,EMA3xEMA21 Bullish,EMA9xEMA21 Bullish,262,259,246
2026-04-11 01:27:00,260.23,260.35,260.201,260.32,19392.0,260.24023726103303,260.04176298986533,259.8536596947541,0.1788571428571361,EMA3xEMA9 Bullish,EMA3xEMA21 Bullish,EMA9xEMA21 Bullish,263,260,247
2026-04-11 01:28:00,260.33,260.5,260.305,260.47,36990.0,260.35511863051653,260.1274103918923,259.90969063159463,0.1799285714285637,EMA3xEMA9 Bullish,EMA3xEMA21 Bullish,EMA9xEMA21 Bullish,264,261,248
2026-04-11 01:29:00,260.47,260.54,260.34,260.42,50203.0,260.3875593152583,260.18592831351384,259.9560823923587,0.1813571428571379,EMA3xEMA9 Bullish,EMA3xEMA21 Bullish,EMA9xEMA21 Bullish,265,262,249
